,geometry,objectType,name,color
0,"POLYGON ((9405.65 63208.47, 9111.15 63238.9, 8816.38 63269.68, 8521.25 63300.51, 8295.21 63323.88, 8225.77 63331.36, 8201.23 63334.01, 8220.68 63598.53, 8240.11 63863.11, 8259.55 64127.38, 8278.97 64391.38, 8280.73 64413.94, 8575.16 64382.57, 8869.63 64351.19, 9163.78 64320.15, 9457.57 64288.86, 9481.97 64286.5, 9463.24 64023.09, 9444.5 63759.39, 9425.76 63495.41, 9406.98 63231.12, 9405.65 63208.47))",annotation,plate4_7B,[255 255 255]
1,"POLYGON ((16618.29 50269.2, 16325.47 50292.29, 16032.32 50315.76, 15738.83 50339.26, 15514.46 50356.98, 15445.03 50362.79, 15420.96 50364.81, 15436.29 50638.73, 15451.99 50912.66, 15467.65 51186.3, 15483.35 51459.64, 15484.8 51483.36, 15777.6 51459.27, 16070.43 51435.13, 16362.89 51411.06, 16655.07 51387.01, 16679.7 51385.25, 16664.34 51112.57, 16649.34 50839.54, 16634.32 50566.24, 16619.29 50292.63, 16618.29 50269.2))",annotation,plate4_4A,[255 255   0]
2,"POLYGON ((19634.85 30795.06, 19335.09 30807.09, 19034.99 30819.51, 18734.48 30831.59, 18504.77 30840.83, 18433.69 30844.04, 18409.08 30845.16, 18423.2 31138.2, 18437.66 31431.24, 18452.18 31723.98, 18466.61 32016.39, 18467.96 32041.77, 18767.71 32028.64, 19067.48 32015.49, 19366.89 32002.39, 19665.95 31989.28, 19691.16 31988.46, 19677.06 31696.8, 19663.29 31404.76, 19649.49 31112.43, 19635.72 30819.75, 19634.85 30795.06))",annotation,plate4_11E,[102   0 102]
3,"POLYGON ((24858.97 26567.9, 24563.29 26577.36, 24267.34 26587.2, 23970.97 26597.04, 23744.41 26604.31, 23674.3 26606.9, 23650.03 26607.8, 23661.18 26902.25, 23672.67 27196.74, 23684.19 27490.88, 23695.66 27784.73, 23696.76 27809.84, 23992.41 27799.29, 24288.08 27788.75, 24583.39 27778.18, 24878.35 27767.66, 24903.21 27767.06, 24892.04 27473.97, 24881.22 27180.55, 24870.4 26886.79, 24859.6 26592.71, 24858.97 26567.9))",annotation,plate4_2D,[102   0 102]
4,"POLYGON ((13105.29 36405.55, 12800.55 36421.02, 12495.42 36436.88, 12189.99 36452.77, 11956.42 36464.65, 11884.13 36468.67, 11859.14 36470.06, 11876.98 36760.95, 11895.21 37051.88, 11913.39 37342.45, 11931.58 37632.71, 11933.23 37657.52, 12237.96 37640.96, 12542.71 37624.4, 12847.09 37607.85, 13151.11 37591.32, 13176.74 37590.2, 13158.9 37300.68, 13141.44 37010.8, 13123.98 36720.59, 13106.48 36430.05, 13105.29 36405.55))",annotation,plate4_12G,[102   0 102]
5,"POLYGON ((19382.56 25426.73, 19079.57 25435.61, 18776.27 25444.89, 18472.53 25454.18, 18239.94 25461.04, 18168.48 25463.49, 18143.22 25464.35, 18157.98 25763.42, 18172.78 26062.56, 18187.56 26361.33, 18202.33 26659.74, 18203.7 26685.65, 18506.69 26675.66, 18809.69 26665.65, 19112.33 26655.64, 19414.59 26645.64, 19439.69 26645.11, 19425.66 26347.41, 19411.61 26049.38, 19397.55 25751.01, 19383.51 25452.31, 19382.56 25426.73))",annotation,plate4_5A,[102   0 102]
6,"POLYGON ((18105.21 26790.42, 17801.38 26800.13, 17497.21 26810.25, 17192.66 26820.37, 16959.79 26827.82, 16887.74 26830.49, 16862.8 26831.42, 16877.94 27129.8, 16893.43 27428.19, 16908.94 27726.26, 16924.46 28023.99, 16925.88 28049.44, 17229.67 28038.62, 17533.54 28027.76, 17836.97 28016.94, 18140.07 28006.12, 18165.63 28005.49, 18150.52 27708.52, 18135.72 27411.19, 18120.96 27113.55, 18106.16 26815.56, 18105.21 26790.42))",annotation,plate4_5A,[102   0 102]
8,"POLYGON ((8804.01 35257.1, 8493.27 35272.02, 8182.14 35287.35, 7870.7 35302.73, 7632.13 35314.23, 7558.81 35318.1, 7532.9 35319.48, 7553.79 35614.21, 7574.71 35908.97, 7595.55 36203.42, 7616.39 36497.52, 7618.27 36522.68, 7928.99 36506.6, 8239.73 36490.55, 8550.08 36474.52, 8860.06 36458.51, 8885.8 36457.45, 8865.73 36164.08, 8845.63 35870.36, 8825.55 35576.32, 8805.38 35281.93, 8804.01 35257.1))",annotation,plate4_10H,[102   0 102]
9,"POLYGON ((8711.15 53423.45, 8410.39 53448.68, 8109.29 53474.28, 7807.85 53499.91, 7577.35 53519.27, 7506.04 53525.58, 7481.35 53527.76, 7501.21 53802.99, 7521.46 54078.23, 7541.68 54353.16, 7561.85 54627.8, 7563.7 54651.64, 7864.45 54625.38, 8165.18 54599.14, 8465.61 54572.93, 8765.62 54546.75, 8790.92 54544.79, 8771.09 54270.84, 8751.59 53996.52, 8732.07 53721.93, 8712.53 53447, 8711.15 53423.45))",annotation,plate4_8B,[255 255 255]
10,"POLYGON ((20541.37 19922.55, 20236.82 19928.11, 19931.92 19934.07, 19626.59 19939.67, 19392.81 19943.96, 19320.97 19945.64, 19295.58 19946.23, 19309.83 20250.7, 19324.05 20555.2, 19338.29 20859.36, 19352.51 21163.18, 19353.84 21189.55, 19658.38 21182.8, 19962.95 21176.1, 20267.14 21169.38, 20570.96 21162.68, 20596.18 21162.42, 20582.73 20859.38, 20569.21 20556, 20555.7 20252.27, 20542.21 19948.19, 20541.37 19922.55))",annotation,plate4_1D,[102   0 102]
11,"POLYGON ((18306.39 30849.41, 18005.06 30861.49, 17703.32 30874.01, 17401.28 30886.5, 17170.3 30895.8, 17098.84 30899.04, 17074.07 30900.15, 17088.97 31193.93, 17104.29 31487.75, 17119.53 31781.24, 17134.78 32074.39, 17136.18 32099.46, 17437.53 32086.26, 17738.91 32073.04, 18039.94 32060.24, 18340.59 32047.08, 18365.93 32046.24, 18351.02 31753.82, 18336.51 31461.07, 18321.95 31167.96, 18307.35 30874.55, 18306.39 30849.41))",annotation,plate4_11E,[102   0 102]
12,"POLYGON ((26318.65 29172.45, 26026.19 29183.39, 25733.39 29194.71, 25440.23 29206.03, 25216.09 29214.45, 25146.73 29217.39, 25122.72 29218.4, 25132.94 29509.11, 25143.59 29799.84, 25154.2 30090.26, 25164.76 30380.36, 25165.78 30405.54, 25458.27 30393.5, 25750.74 30381.49, 26042.91 30369.5, 26334.68 30357.52, 26359.27 30356.76, 26348.99 30067.41, 26339.1 29777.7, 26329.17 29487.68, 26319.22 29197.32, 26318.65 29172.45))",annotation,plate4_3D,[128   0 128]
13,"POLYGON ((23336.86 21205.4, 23036.5 21211.72, 22735.71 21218.43, 22434.6 21225.12, 22204.01 21229.99, 22133.12 21231.84, 22108.07 21232.49, 22120.62 21533.77, 22133.16 21835.13, 22145.67 22136.12, 22158.22 22436.78, 22159.38 22462.47, 22459.75 22455.04, 22760.21 22447.62, 23060.23 22440.16, 23359.96 22432.74, 23384.83 22432.42, 23373.04 22132.52, 23361.2 21832.29, 23349.41 21531.7, 23337.57 21230.81, 23336.86 21205.4))",annotation,plate4_7D,[102   0 102]
15,"POLYGON ((7426.91 35324.7, 7114.44 35339.73, 6801.66 35355.15, 6488.46 35370.22, 6248.59 35381.78, 6174.91 35385.69, 6148.86 35387.06, 6170.63 35682.55, 6192.33 35978.09, 6214.04 36273.3, 6235.7 36568.14, 6237.68 36593.73, 6550.11 36577.59, 6862.5 36561.44, 7174.58 36545.34, 7486.23 36529.22, 7512.08 36528.16, 7491.21 36234.03, 7470.27 35939.55, 7449.32 35644.76, 7428.37 35349.61, 7426.91 35324.7))",annotation,plate4_10H,[102   0 102]
17,"POLYGON ((8976.85 57167.07, 8678.5 57194.32, 8379.79 57221.92, 8080.79 57249.59, 7851.76 57270.52, 7781.37 57277.27, 7756.5 57279.65, 7776.44 57550.73, 7796.42 57821.86, 7816.31 58092.7, 7836.21 58363.23, 7838 58386.38, 8136.32 58358.12, 8434.67 58329.88, 8732.69 58302.02, 9030.34 58273.84, 9055.4 58271.73, 9035.87 58001.83, 9016.66 57731.62, 8997.46 57461.11, 8978.18 57190.29, 8976.85 57167.07))",annotation,plate4_7C,[255 255   0]
18,"POLYGON ((21939.65 21236.11, 21637.51 21242.48, 21335.09 21249.2, 21032.26 21255.96, 20800.71 21260.84, 20729.06 21262.71, 20704.26 21263.35, 20717.25 21565.49, 20730.6 21867.65, 20743.96 22169.49, 20757.31 22470.98, 20758.58 22496.76, 21060.66 22489.27, 21362.81 22481.79, 21664.54 22474.31, 21965.93 22466.85, 21991.33 22466.52, 21978.33 22165.8, 21965.7 21864.73, 21953.08 21563.33, 21940.42 21261.57, 21939.65 21236.11))",annotation,plate4_1D,[102   0 102]
19,"POLYGON ((11582.68 55663.97, 11286.66 55690.27, 10990.34 55716.92, 10693.71 55743.61, 10466.46 55763.81, 10396.66 55770.33, 10371.99 55772.63, 10390.45 56043.79, 10408.91 56314.97, 10427.36 56585.88, 10445.78 56856.5, 10447.45 56879.63, 10743.41 56852.34, 11039.4 56825.07, 11335.05 56797.81, 11630.32 56770.6, 11654.84 56768.61, 11637.15 56498.61, 11619.41 56228.31, 11601.68 55957.73, 11583.87 55686.85, 11582.68 55663.97))",annotation,plate4_5D,[255 255   0]
20,"POLYGON ((16333.37 20003.38, 16023.6 20009.02, 15713.53 20015.08, 15403.01 20021.19, 15165.24 20025.56, 15092.18 20027.26, 15066.35 20027.87, 15083.16 20334.87, 15099.93 20641.9, 15116.72 20948.62, 15133.45 21254.93, 15135.04 21281.52, 15444.77 21274.69, 15754.52 21267.86, 16063.88 21261.04, 16372.86 21254.19, 16398.52 21253.93, 16382.52 20948.38, 16366.5 20642.48, 16350.47 20336.23, 16334.45 20029.64, 16333.37 20003.38))",annotation,plate4_10C,[102   0 102]
21,"POLYGON ((13040.94 57987.23, 12748 58014.68, 12454.75 58042.48, 12161.16 58069.98, 11936.27 58091.07, 11867.19 58097.87, 11842.78 58100.28, 11860.31 58368.13, 11877.81 58636.04, 11895.35 58903.66, 11912.84 59170.99, 11914.45 59194.19, 12207.32 59165.78, 12500.29 59137.34, 12792.89 59108.96, 13085.11 59080.61, 13109.38 59078.51, 13092.6 58811.78, 13075.78 58544.73, 13058.94 58277.43, 13042.08 58009.83, 13040.94 57987.23))",annotation,plate4_1B,[255 255   0]
22,"POLYGON ((9322.56 62035.45, 9027.34 62065.25, 8731.79 62095.44, 8435.9 62125.65, 8209.31 62148.53, 8139.66 62155.88, 8115.06 62158.49, 8134.23 62424.32, 8153.78 62690.16, 8173.29 62955.7, 8192.8 63220.97, 8194.58 63243.98, 8489.8 63213.21, 8784.99 63182.41, 9079.87 63151.66, 9374.44 63120.96, 9399.28 63118.63, 9380.43 62853.96, 9361.59 62588.98, 9342.77 62323.74, 9323.89 62058.2, 9322.56 62035.45))",annotation,plate4_7B,[255 255 255]
23,"POLYGON ((15776.55 34915.05, 15474.29 34929.61, 15171.68 34944.51, 14868.74 34959.44, 14637.05 34970.63, 14565.38 34974.43, 14540.57 34975.73, 14556.85 35266.63, 14573.53 35557.54, 14590.19 35848.13, 14606.83 36138.38, 14608.36 36163.57, 14910.61 36147.96, 15212.88 36132.36, 15514.78 36116.73, 15816.29 36101.16, 15841.71 36100.13, 15825.45 35810.58, 15809.53 35520.7, 15793.62 35230.49, 15777.63 34939.96, 15776.55 34915.05))",annotation,plate4_12F,[102   0 102]
24,"POLYGON ((19819.39 34717.03, 19521.99 34731.32, 19224.25 34746, 18926.19 34760.7, 18697.85 34771.7, 18627.71 34775.41, 18602.92 34776.74, 18617.2 35065.36, 18631.48 35354.03, 18645.75 35642.41, 18660 35930.44, 18661.31 35955.07, 18958.67 35939.71, 19256.11 35924.31, 19553.17 35908.98, 19849.84 35893.64, 19874.48 35892.65, 19860.96 35605.31, 19847.41 35317.63, 19833.87 35029.66, 19820.25 34741.35, 19819.39 34717.03))",annotation,plate4_11H,[102   0 102]
25,"POLYGON ((9620.61 25722.54, 9305.63 25731.79, 8990.23 25741.45, 8674.46 25751.08, 8433 25758.21, 8358.3 25760.76, 8332.44 25761.66, 8352.78 26066.45, 8373.54 26371.28, 8394.23 26675.74, 8414.97 26979.85, 8416.86 27006.25, 8731.82 26995.86, 9046.86 26985.45, 9361.44 26975.04, 9675.7 26964.65, 9702.16 26964.09, 9681.88 26660.75, 9661.95 26357.05, 9641.99 26053, 9622.02 25748.63, 9620.61 25722.54))",annotation,plate4_12A,[102   0 102]
26,"POLYGON ((13830.87 25595.15, 13521.07 25604.24, 13210.92 25613.75, 12900.38 25623.22, 12662.56 25630.22, 12589.46 25632.73, 12563.63 25633.63, 12581.78 25935.94, 12599.94 26238.31, 12618.05 26540.33, 12636.2 26842.01, 12637.84 26867.79, 12947.59 26857.56, 13257.42 26847.32, 13566.81 26837.1, 13875.88 26826.88, 13901.54 26826.34, 13884.2 26525.43, 13866.8 26224.17, 13849.44 25922.57, 13832.03 25620.63, 13830.87 25595.15))",annotation,plate4_5C,[102   0 102]
27,"POLYGON ((12017.26 41712.21, 11714.06 41730.76, 11410.55 41749.71, 11106.71 41768.66, 10874.36 41782.9, 10802.44 41787.66, 10777.59 41789.3, 10795.9 42075.09, 10814.57 42360.9, 10833.25 42646.4, 10851.91 42931.56, 10853.6 42955.95, 11156.74 42936.33, 11459.91 42916.7, 11762.71 42897.11, 12065.12 42877.55, 12090.65 42876.16, 12072.34 42591.7, 12054.4 42306.88, 12036.47 42021.76, 12018.48 41736.3, 12017.26 41712.21))",annotation,plate4_12D,[102   0 102]
29,"POLYGON ((11521.09 33819.78, 11212.98 33833.79, 10904.45 33848.2, 10595.61 33862.64, 10359.04 33873.42, 10286.33 33877.08, 10260.64 33878.39, 10279.92 34173.04, 10299.2 34467.73, 10318.47 34762.12, 10337.71 35056.14, 10339.45 35081.29, 10647.54 35066.16, 10955.71 35051.02, 11263.51 35036.29, 11570.9 35021.18, 11596.42 35020.22, 11577.95 34726.92, 11559.44 34433.27, 11540.96 34139.29, 11522.38 33844.99, 11521.09 33819.78))",annotation,plate4_8C,[102   0 102]
30,"POLYGON ((15186.54 49160.32, 14891.37 49182.89, 14595.87 49205.82, 14300.02 49228.8, 14073.84 49246.11, 14003.82 49251.79, 13979.59 49253.77, 13995.79 49529.71, 14012.36 49805.66, 14028.88 50081.32, 14045.42 50356.66, 14046.98 50380.55, 14342.13 50356.98, 14637.27 50333.38, 14932.11 50309.83, 15226.63 50286.29, 15251.45 50284.59, 15235.21 50009.9, 15219.38 49734.88, 15203.51 49459.55, 15187.62 49183.94, 15186.54 49160.32))",annotation,plate4_12E,[255 255   0]
31,"POLYGON ((24712.19 22566.75, 24414.22 22573.87, 24115.89 22581.34, 23817.21 22588.84, 23588.48 22594.34, 23518.2 22596.37, 23493.35 22597.08, 23504.64 22896.03, 23516.34 23194.99, 23528.03 23493.62, 23539.67 23791.91, 23540.78 23817.8, 23838.79 23809.6, 24136.76 23801.39, 24434.44 23793.15, 24731.72 23784.96, 24756.77 23784.56, 24745.81 23487, 24734.84 23189.12, 24723.85 22890.87, 24712.85 22592.34, 24712.19 22566.75))",annotation,plate4_3E,[102   0 102]
33,"POLYGON ((9782.31 49578.64, 9480.73 49601.71, 9178.82 49625.15, 8876.52 49648.61, 8645.04 49666.35, 8573.92 49672.12, 8548.79 49674.17, 8568.15 49952.84, 8587.87 50231.55, 8607.6 50509.93, 8627.31 50788.02, 8629.12 50811.78, 8930.64 50787.69, 9232.24 50763.6, 9533.42 50739.54, 9834.28 50715.5, 9859.64 50713.75, 9840.69 50436.3, 9821.66 50158.57, 9802.63 49880.51, 9783.62 49602.16, 9782.31 49578.64))",annotation,plate4_1G,[255 255   0]
34,"POLYGON ((14217.91 32327.19, 13912.33 32340.25, 13606.33 32353.71, 13300 32367.2, 13065.77 32377.25, 12993.29 32380.71, 12968.21 32381.91, 12985.51 32676.57, 13003.21 32971.26, 13020.89 33265.63, 13038.54 33559.65, 13040.15 33584.79, 13345.71 33570.62, 13651.36 33556.43, 13956.58 33542.27, 14261.48 33528.13, 14287.15 33527.21, 14269.89 33233.93, 14252.96 32940.29, 14236.01 32646.33, 14219.04 32352.03, 14217.91 32327.19))",annotation,plate4_2E,[102   0 102]
35,"POLYGON ((11933.91 40382.34, 11629.88 40400.16, 11325.56 40418.34, 11020.85 40436.55, 10787.46 40450.24, 10715.73 40454.78, 10690.42 40456.38, 10708.83 40743.66, 10727.63 41030.97, 10746.37 41317.95, 10765.13 41604.61, 10766.83 41629.12, 11070.81 41610.22, 11374.82 41591.37, 11678.48 41572.89, 11981.76 41554.05, 12007.33 41552.74, 11989.31 41266.77, 11971.27 40980.47, 11953.25 40693.88, 11935.17 40406.95, 11933.91 40382.34))",annotation,plate4_8G,[  0 255   0]
36,"POLYGON ((16620.96 25510.5, 16314.57 25519.51, 16007.88 25528.89, 15700.78 25538.26, 15465.97 25545.18, 15393.31 25547.67, 15368.16 25548.53, 15384.23 25849.26, 15400.66 26149.98, 15417.1 26450.36, 15433.52 26750.42, 15435.05 26776.06, 15741.38 26765.95, 16047.79 26755.84, 16353.78 26746.09, 16659.4 26736, 16685.17 26735.44, 16669.11 26436.15, 16653.42 26136.53, 16637.74 25836.56, 16622.02 25536.23, 16620.96 25510.5))",annotation,plate4_9E,[102   0 102]
38,"POLYGON ((14063.52 29643.05, 13756.28 29654.54, 13448.64 29666.44, 13140.58 29677.96, 12905.09 29686.79, 12832.23 29689.89, 12807 29690.96, 12824.45 29988.66, 12842.33 30286.42, 12860.23 30583.82, 12878.04 30880.89, 12879.68 30906.66, 13186.95 30894.04, 13494.23 30881.41, 13801.14 30868.81, 14107.67 30856.25, 14133.51 30855.45, 14116.04 30559.14, 14098.97 30262.49, 14081.81 29965.49, 14064.71 29668.15, 14063.52 29643.05))",annotation,plate4_5H,[102   0 102]
39,"POLYGON ((8624.74 52203.13, 8323.16 52227.68, 8021.28 52252.64, 7719.08 52277.6, 7487.56 52296.46, 7416.45 52302.59, 7391.31 52304.77, 7411.65 52581.29, 7432 52857.88, 7452.32 53134.17, 7472.62 53410.15, 7474.48 53434.1, 7775.99 53408.5, 8077.52 53382.91, 8378.71 53357.37, 8679.5 53331.83, 8704.48 53329.97, 8684.94 53054.65, 8665.35 52778.98, 8645.76 52503.04, 8626.1 52226.79, 8624.74 52203.13))",annotation,plate4_8B,[255 255 255]
42,"POLYGON ((7524.15 36694.03, 7212.61 36709.88, 6900.74 36726.09, 6588.42 36742.31, 6349.27 36754.49, 6275.79 36758.57, 6249.82 36760.01, 6271.04 37053.99, 6292.63 37347.96, 6314.23 37641.59, 6335.77 37934.91, 6337.74 37960.36, 6649.29 37943.43, 6960.8 37926.49, 7271.98 37909.56, 7582.76 37892.67, 7608.97 37891.55, 7588.13 37598.95, 7567.35 37306.04, 7546.5 37012.77, 7525.67 36719.18, 7524.15 36694.03))",annotation,plate4_5G,[102   0 102]
43,"POLYGON ((15042.02 46647.02, 14745.26 46668.22, 14448.23 46689.78, 14150.78 46711.38, 13923.41 46727.63, 13853.02 46732.99, 13828.7 46734.86, 13845.05 47013.55, 13861.76 47292.26, 13878.48 47570.68, 13895.15 47848.77, 13896.7 47872.55, 14193.41 47850.33, 14490.14 47828.1, 14786.53 47805.93, 15082.56 47783.73, 15107.52 47782.14, 15091.15 47504.72, 15075.13 47226.94, 15059.1 46948.9, 15043.08 46670.54, 15042.02 46647.02))",annotation,plate4_11G,[102   0 102]
46,"POLYGON ((7988.26 43238.5, 7680.94 43258.07, 7373.3 43278.05, 7065.23 43298.04, 6829.73 43313.07, 6756.82 43318.05, 6731.63 43319.77, 6752.28 43606.35, 6773.36 43892.92, 6794.41 44179.16, 6815.41 44465.1, 6817.34 44489.53, 7124.63 44468.89, 7431.94 44448.23, 7738.88 44427.59, 8045.46 44406.99, 8071.31 44405.53, 8050.61 44120.31, 8030.34 43834.75, 8010.02 43548.86, 7989.71 43262.64, 7988.26 43238.5))",annotation,plate4_9G,[255 255 255]
47,"POLYGON ((17245.72 37468.12, 16946.63 37484.08, 16647.24 37500.41, 16347.52 37516.76, 16118.29 37529.02, 16047.37 37533.14, 16022.86 37534.58, 16038.16 37821.8, 16053.89 38109.07, 16069.59 38396, 16085.28 38682.6, 16086.74 38707.48, 16385.78 38690.46, 16684.84 38673.45, 16983.55 38656.44, 17281.87 38639.45, 17307.02 38638.32, 17291.7 38352.4, 17276.71 38066.15, 17261.74 37779.57, 17246.68 37492.72, 17245.72 37468.12))",annotation,plate4_11D,[102   0 102]
48,"POLYGON ((27398.06 22500.38, 27103.33 22507.4, 26808.26 22514.82, 26512.84 22522.23, 26286.95 22527.63, 26217.05 22529.67, 26192.86 22530.36, 26202.61 22827.69, 26212.73 23125.09, 26222.82 23422.11, 26232.92 23718.83, 26233.91 23744.19, 26528.62 23736.08, 26823.41 23727.95, 27117.78 23719.82, 27411.86 23711.71, 27436.61 23711.31, 27426.83 23415.34, 27417.41 23119.06, 27408.01 22822.4, 27398.57 22525.44, 27398.06 22500.38))",annotation,plate4_1A,[102   0 102]
49,"POLYGON ((23497.57 25302.33, 23199.61 25311.06, 22901.27 25320.19, 22602.53 25328.94, 22373.79 25335.68, 22303.5 25338.1, 22278.66 25338.94, 22290.98 25635.62, 22303.34 25932.33, 22315.68 26228.7, 22328.01 26524.76, 22329.17 26550.45, 22627.16 26540.59, 22925.17 26530.75, 23222.83 26520.91, 23520.12 26511.1, 23544.8 26510.56, 23533.19 26215.25, 23521.56 25919.61, 23509.92 25623.65, 23498.29 25327.32, 23497.57 25302.33))",annotation,plate4_2D,[102   0 102]
50,"POLYGON ((12498.89 49368.36, 12200.54 49391.18, 11901.89 49414.38, 11602.83 49437.58, 11373.83 49455.12, 11303.47 49460.83, 11278.6 49462.85, 11296.71 49740.11, 11314.86 50017.45, 11332.99 50294.46, 11351.06 50571.16, 11352.74 50594.82, 11651.06 50570.99, 11949.41 50547.16, 12247.43 50523.69, 12545.07 50499.91, 12569.79 50498.2, 12552.39 50222.12, 12534.98 49945.77, 12517.55 49669.07, 12500.13 49392.1, 12498.89 49368.36))",annotation,plate4_7F,[255 255 255]
52,"POLYGON ((10065.36 32508.58, 9754.64 32521.87, 9443.59 32535.55, 9132.2 32549.26, 8893.64 32559.48, 8820.36 32562.97, 8794.46 32564.22, 8814.68 32861.2, 8834.9 33158.22, 8855.1 33454.91, 8875.27 33751.27, 8877.12 33776.99, 9187.79 33762.57, 9498.47 33748.14, 9808.78 33733.77, 10118.67 33719.38, 10144.4 33718.46, 10125.03 33422.87, 10105.61 33126.89, 10086.19 32830.61, 10066.72 32533.98, 10065.36 32508.58))",annotation,plate4_10B,[102   0 102]
53,"POLYGON ((14249.25 55424.7, 13956.38 55450.7, 13663.18 55477.08, 13369.64 55503.49, 13145.2 55523.45, 13075.76 55529.94, 13051.72 55532.19, 13068.26 55802.06, 13085.18 56071.95, 13102.08 56341.55, 13118.92 56610.86, 13120.46 56633.88, 13413.3 56606.9, 13706.18 56579.89, 13998.77 56553.28, 14290.94 56526.34, 14315.58 56524.35, 14299.04 56255.67, 14282.83 55986.67, 14266.6 55717.38, 14250.36 55447.82, 14249.25 55424.7))",annotation,plate4_5E,[255 255   0]
54,"POLYGON ((8985.61 37916.79, 8676.54 37933.29, 8367.19 37950.16, 8057.36 37966.7, 7820.11 37979.37, 7747.22 37983.61, 7721.49 37985.1, 7742.17 38276.82, 7762.81 38568.57, 7783.47 38860, 7804.06 39151.09, 7805.95 39176.35, 8115 39158.75, 8423.99 39141.19, 8732.68 39123.62, 9040.96 39106.06, 9066.53 39104.91, 9046.69 38814.5, 9026.81 38523.79, 9006.89 38232.76, 8986.99 37941.38, 8985.61 37916.79))",annotation,plate4_5G,[102   0 102]
55,"POLYGON ((17715.45 46453.53, 17421.87 46474.5, 17127.97 46495.82, 16833.73 46517.2, 16608.4 46533.32, 16539.17 46538.6, 16514.7 46540.46, 16529.84 46817.75, 16545.02 47095.07, 16560.16 47372.11, 16575.3 47648.82, 16576.72 47672.49, 16870.28 47650.5, 17163.86 47628.52, 17457.09 47606.91, 17750.01 47584.97, 17774.33 47583.42, 17759.84 47307.33, 17745.4 47030.95, 17730.91 46754.27, 17716.4 46477.27, 17715.45 46453.53))",annotation,plate4_11F,[102   0 102]
56,"POLYGON ((17583.19 43927.74, 17288.04 43947.32, 16992.63 43967.25, 16696.84 43987.25, 16470.67 44002.27, 16400.66 44007.25, 16376.47 44008.97, 16391.42 44289.05, 16406.72 44569.15, 16422.04 44848.96, 16437.34 45128.44, 16438.74 45152.35, 16733.83 45131.72, 17028.96 45111.12, 17323.73 45090.55, 17618.16 45069.98, 17642.98 45068.51, 17628.01 44789.71, 17613.39 44510.56, 17598.79 44231.12, 17584.14 43951.36, 17583.19 43927.74))",annotation,plate4_5F,[102   0 102]
57,"POLYGON ((10756.76 43059.46, 10452.77 43078.82, 10148.45 43098.57, 9843.76 43118.35, 9610.43 43133.22, 9538.7 43138.13, 9513.36 43139.88, 9532.77 43424.95, 9552.18 43710.05, 9571.54 43994.86, 9590.91 44279.34, 9592.72 44304.02, 9896.64 44283.59, 10200.65 44263.14, 10504.24 44242.76, 10807.52 44222.36, 10832.7 44220.95, 10814.04 43937.16, 10795.39 43653.02, 10776.75 43368.6, 10758.06 43083.84, 10756.76 43059.46))",annotation,plate4_12D,[102   0 102]
58,"POLYGON ((20842.09 26700.12, 20541.62 26709.72, 20240.78 26719.72, 19939.54 26729.73, 19708.88 26737.14, 19638 26739.77, 19612.95 26740.69, 19626.8 27037.46, 19640.7 27334.28, 19654.61 27630.75, 19668.44 27926.89, 19669.72 27952.21, 19970.21 27941.48, 20270.72 27930.78, 20570.89 27920.43, 20870.68 27909.74, 20895.57 27909.13, 20882.43 27613.72, 20869.31 27317.97, 20856.11 27021.93, 20842.96 26725.5, 20842.09 26700.12))",annotation,plate4_6C,[102   0 102]
59,"POLYGON ((10330.11 36549.19, 10022 36564.83, 9713.53 36580.88, 9404.68 36596.94, 9168.17 36608.95, 9095.46 36613, 9069.81 36614.43, 9089.68 36906.83, 9109.59 37199.26, 9129.45 37491.38, 9149.31 37783.16, 9151.11 37808.09, 9459.24 37791.36, 9767.32 37774.6, 10075.06 37757.88, 10382.46 37741.14, 10407.95 37740.06, 10388.84 37448.99, 10369.75 37157.59, 10350.6 36865.88, 10331.43 36573.84, 10330.11 36549.19))",annotation,plate4_2G,[102   0 102]
61,"POLYGON ((13574.08 44197.22, 13274.17 44217.14, 12973.99 44237.39, 12673.39 44257.7, 12443.21 44272.99, 12372.49 44278.02, 12347.49 44279.79, 12365.18 44561.97, 12382.83 44844.16, 12400.5 45126.05, 12418.15 45407.64, 12419.77 45432.08, 12719.62 45411.13, 13019.5 45390.2, 13319.03 45369.29, 13618.19 45348.39, 13643.42 45346.91, 13626.14 45066, 13609.16 44784.78, 13592.2 44503.23, 13575.24 44221.38, 13574.08 44197.22))",annotation,plate4_11A,[102   0 102]
62,"POLYGON ((13952.11 50482.08, 13656.18 50505.42, 13359.9 50529.16, 13063.24 50552.89, 12836.08 50570.85, 12766.29 50576.68, 12741.62 50578.74, 12758.84 50853.98, 12776.09 51129.27, 12793.32 51404.24, 12810.54 51678.92, 12812.1 51702.39, 13108.03 51678.04, 13403.99 51653.68, 13699.6 51629.33, 13994.87 51605.03, 14019.38 51603.28, 14002.87 51329.23, 13986.34 51054.89, 13969.79 50780.23, 13953.25 50505.28, 13952.11 50482.08))",annotation,plate4_12E,[255 255   0]
63,"POLYGON ((20182.81 42450.15, 19890.03 42468.79, 19596.95 42487.82, 19303.52 42506.87, 19079.2 42521.17, 19009.75 42525.95, 18985.75 42527.59, 18999.23 42807.68, 19013.06 43087.84, 19026.91 43367.64, 19040.71 43647.17, 19042 43671.42, 19334.77 43651.75, 19627.5 43632.06, 19919.96 43612.41, 20212.01 43592.78, 20236.66 43591.38, 20223.14 43312.55, 20209.98 43033.38, 20196.81 42753.89, 20183.66 42474.12, 20182.81 42450.15))",annotation,plate4_6H,[  0 255   0]
64,"POLYGON ((16902.79 30907.13, 16599.73 30919.28, 16296.32 30931.86, 15992.54 30944.43, 15760.26 30953.78, 15688.39 30957.02, 15663.51 30958.15, 15679.25 31252.73, 15695.37 31547.33, 15711.45 31841.63, 15727.57 32135.57, 15729.04 32160.71, 16032.06 32147.44, 16335.17 32134.14, 16637.86 32121.28, 16940.23 32108.02, 16965.69 32107.18, 16949.98 31813.98, 16934.58 31520.42, 16919.22 31226.54, 16903.82 30932.33, 16902.79 30907.13))",annotation,plate4_1F,[102   0 102]
65,"POLYGON ((11769.02 37765.61, 11463.36 37781.9, 11157.36 37798.61, 10850.99 37815.32, 10616.76 37827.83, 10544.25 37832.05, 10519.19 37833.52, 10537.76 38123.73, 10556.75 38413.97, 10575.72 38703.89, 10594.63 38993.47, 10596.35 39018.23, 10902.01 39000.83, 11207.64 38983.45, 11512.96 38966.07, 11817.84 38948.71, 11843.55 38947.54, 11824.96 38658.68, 11806.77 38369.46, 11788.53 38079.92, 11770.3 37790.07, 11769.02 37765.61))",annotation,plate4_2G,[102   0 102]
67,"POLYGON ((8533.18 50914.76, 8230.84 50938.62, 7928.09 50962.86, 7625 50986.77, 7392.91 51005.12, 7321.57 51011.08, 7296.36 51013.18, 7316.81 51291.15, 7337.26 51569.15, 7357.68 51846.85, 7378.09 52124.25, 7379.95 52148.32, 7682.26 52123.44, 7984.66 52098.55, 8286.67 52073.68, 8588.32 52048.84, 8613.37 52047.06, 8593.7 51770.29, 8574 51493.23, 8554.29 51215.87, 8534.55 50938.2, 8533.18 50914.76))",annotation,plate4_1G,[255 255   0]
69,"POLYGON ((27607.94 29123.25, 27317.01 29134.12, 27025.75 29145.39, 26734.17 29156.66, 26511.17 29165.02, 26442.18 29167.96, 26418.3 29168.96, 26427.8 29458.92, 26437.65 29748.93, 26447.54 30038.61, 26457.4 30327.96, 26458.33 30352.71, 26749.23 30340.76, 27040.22 30328.8, 27330.84 30316.87, 27621.08 30304.95, 27645.54 30304.22, 27636.03 30015.58, 27626.84 29726.6, 27617.64 29437.3, 27608.44 29147.69, 27607.94 29123.25))",annotation,plate4_3D,[128   0 128]
70,"POLYGON ((8353.52 48382.23, 8049.55 48404.7, 7745.2 48427.53, 7440.49 48450.41, 7207.12 48467.7, 7135.42 48473.33, 7110.08 48475.33, 7130.7 48756.1, 7151.36 49036.91, 7172.02 49317.42, 7192.6 49597.61, 7194.46 49621.57, 7498.43 49598.07, 7802.43 49574.55, 8106.12 49551.43, 8409.36 49527.96, 8434.55 49526.3, 8414.68 49246.76, 8394.82 48966.9, 8374.87 48686.73, 8354.97 48406.29, 8353.52 48382.23))",annotation,plate4_1E,[255 255   0]
71,"POLYGON ((24909.17 27932.76, 24614.36 27943, 24319.17 27953.61, 24023.58 27963.91, 23797.26 27971.78, 23727.72 27974.55, 23703.14 27975.54, 23714.57 28268.44, 23726.04 28561.4, 23737.49 28854.04, 23748.93 29146.35, 23750.02 29171.72, 24044.87 29160.37, 24339.74 29149.02, 24634.26 29137.71, 24928.43 29126.39, 24952.85 29125.72, 24942.1 28834.16, 24931.38 28542.22, 24920.58 28250, 24909.83 27957.43, 24909.17 27932.76))",annotation,plate4_10E,[102   0 102]
72,"POLYGON ((27524.26 26479.95, 27231.82 26489.31, 26939.04 26499.04, 26645.9 26508.78, 26421.43 26515.99, 26352.45 26518.54, 26328.07 26519.44, 26338.01 26812.32, 26347.99 27105.27, 26357.92 27397.86, 26367.91 27690.14, 26368.85 27715.12, 26661.3 27704.71, 26953.78 27694.27, 27245.87 27683.84, 27537.68 27673.43, 27561.9 27672.84, 27552.63 27381.26, 27543.35 27089.4, 27534.06 26797.18, 27524.76 26504.63, 27524.26 26479.95))",annotation,plate4_4E,[128   0 128]
74,"POLYGON ((17108.95 34850.01, 16808.32 34864.47, 16507.29 34879.3, 16205.92 34893.8, 15975.52 34904.9, 15904.23 34908.67, 15879.52 34909.99, 15895.01 35200.14, 15910.9 35490.31, 15926.76 35780.19, 15942.61 36069.71, 15944.08 36094.82, 16244.72 36079.29, 16545.38 36063.74, 16845.69 36048.25, 17145.63 36032.73, 17170.92 36031.7, 17155.41 35742.89, 17140.3 35453.73, 17125.11 35164.27, 17109.94 34874.48, 17108.95 34850.01))",annotation,plate4_12F,[102   0 102]
76,"POLYGON ((9165.17 40547.15, 8857.82 40565.14, 8550.12 40583.54, 8242.05 40601.93, 8006.52 40615.73, 7933.6 40620.37, 7908.38 40621.96, 7928.45 40910.73, 7948.92 41199.52, 7969.33 41487.97, 7989.75 41776.12, 7991.59 41800.74, 8298.95 41781.66, 8606.26 41762.6, 8913.24 41743.54, 9219.87 41724.49, 9245.72 41723.16, 9225.64 41435.75, 9205.98 41147.99, 9186.27 40859.89, 9166.54 40571.49, 9165.17 40547.15))",annotation,plate4_6G,[102   0 102]
77,"POLYGON ((22166.72 26656.74, 21867.83 26666.28, 21568.6 26676.24, 21268.98 26685.81, 21039.52 26693.17, 20969.02 26695.78, 20944.1 26696.71, 20957.21 26992.7, 20970.28 27288.74, 20983.38 27584.47, 20996.49 27879.84, 20997.72 27905.48, 21296.58 27894.82, 21595.52 27884.14, 21894.04 27873.49, 22192.23 27862.86, 22216.98 27862.24, 22204.65 27567.61, 22192.24 27272.62, 22179.88 26977.3, 22167.48 26681.67, 22166.72 26656.74))",annotation,plate4_6C,[102   0 102]
78,"POLYGON ((26091.9 22532.5, 25795.57 22539.59, 25498.95 22547.03, 25201.91 22554.48, 24974.84 22559.93, 24904.57 22561.96, 24880.25 22562.66, 24890.76 22860.78, 24901.62 23158.94, 24912.49 23456.73, 24923.36 23754.24, 24924.4 23780.06, 25220.71 23771.88, 25517.04 23763.71, 25813.02 23755.53, 26108.64 23747.37, 26133.55 23746.99, 26123.05 23450.23, 26112.84 23153.17, 26102.66 22855.77, 26092.49 22558.04, 26091.9 22532.5))",annotation,plate4_1A,[102   0 102]
79,"POLYGON ((10037 53311.3, 9737.84 53336.38, 9438.29 53361.87, 9138.42 53387, 8909.09 53406.27, 8838.16 53412.54, 8813.6 53414.73, 8832.68 53689.29, 8852.14 53963.88, 8871.58 54238.15, 8891 54512.14, 8892.78 54535.91, 9191.9 54509.81, 9491.12 54483.69, 9789.96 54457.6, 10088.44 54431.56, 10113.58 54429.63, 10094.52 54156.32, 10075.8 53882.64, 10057.06 53608.7, 10038.29 53334.45, 10037 53311.3))",annotation,plate4_8B,[255 255 255]
80,"POLYGON ((8530.26 31251.66, 8216.95 31264.24, 7903.28 31277.22, 7589.23 31289.86, 7349.05 31299.51, 7274.75 31302.86, 7249.03 31304.01, 7269.84 31603.35, 7291.03 31902.71, 7312.25 32201.71, 7333.42 32500.4, 7335.35 32526.32, 7648.61 32512.57, 7961.95 32498.86, 8274.87 32485.15, 8587.37 32471.47, 8613.72 32470.6, 8592.97 32172.7, 8572.57 31874.43, 8552.14 31575.84, 8531.69 31276.89, 8530.26 31251.66))",annotation,plate4_3H,[102   0 102]
81,"POLYGON ((20783.52 25384.3, 20482.2 25393.12, 20180.61 25402.35, 19878.61 25411.58, 19647.69 25418.38, 19576.24 25420.84, 19551.51 25421.69, 19565.08 25719.95, 19579.02 26018.27, 19592.96 26316.22, 19606.93 26613.84, 19608.23 26639.67, 19909.48 26629.72, 20210.81 26619.75, 20511.71 26609.81, 20812.28 26599.89, 20837.62 26599.33, 20824.06 26302.47, 20810.81 26005.24, 20797.61 25707.7, 20784.36 25409.8, 20783.52 25384.3))",annotation,plate4_6C,[102   0 102]
82,"POLYGON ((15112.96 47876.67, 14816.99 47898.55, 14520.7 47920.79, 14224.05 47943.05, 13996.88 47959.87, 13927.08 47965.36, 13902.41 47967.29, 13919.04 48244.61, 13935.7 48521.98, 13952.3 48799.03, 13968.96 49075.77, 13970.47 49099.44, 14266.41 49076.55, 14562.39 49053.67, 14857.98 49030.82, 15153.29 49007.97, 15177.81 49006.33, 15161.89 48730.22, 15145.95 48453.8, 15130 48177.09, 15114.02 47900.08, 15112.96 47876.67))",annotation,plate4_11G,[102   0 102]
85,"POLYGON ((20663.05 22667.46, 20360.14 22674.67, 20056.88 22682.28, 19753.26 22689.9, 19521.13 22695.45, 19449.29 22697.54, 19424.39 22698.25, 19438.11 22999.59, 19452.21 23300.99, 19466.27 23602.02, 19480.38 23902.7, 19481.68 23928.42, 19784.58 23920.05, 20087.51 23911.72, 20390.03 23903.36, 20692.24 23895.03, 20717.71 23894.61, 20703.99 23594.69, 20690.64 23294.43, 20677.27 22993.8, 20663.88 22692.84, 20663.05 22667.46))",annotation,plate4_3G,[102   0 102]
87,"POLYGON ((22053.93 23960.08, 21753.45 23968.06, 21452.61 23976.41, 21151.4 23984.78, 20920.74 23990.92, 20849.87 23993.17, 20824.81 23993.95, 20837.64 24292.99, 20850.88 24592.09, 20864.11 24890.84, 20877.29 25189.24, 20878.54 25214.76, 21179.04 25205.67, 21479.54 25196.59, 21779.71 25187.88, 22079.49 25178.81, 22104.76 25178.33, 22092.27 24880.67, 22079.77 24582.68, 22067.25 24284.33, 22054.71 23985.67, 22053.93 23960.08))",annotation,plate4_3G,[102   0 102]
91,"POLYGON ((12622.29 28371.59, 12312.55 28382.35, 12002.38 28393.54, 11691.9 28404.71, 11454.07 28413.01, 11381 28415.92, 11355.18 28416.94, 11373.94 28716.92, 11392.78 29016.97, 11411.53 29316.63, 11430.29 29615.99, 11432.01 29641.97, 11741.78 29630.06, 12051.55 29618.14, 12360.95 29606.25, 12669.97 29594.38, 12695.63 29593.67, 12677.64 29295.08, 12659.66 28996.14, 12641.63 28696.86, 12623.54 28397.25, 12622.29 28371.59))",annotation,plate4_5H,[102   0 102]
92,"POLYGON ((12701.73 29695.03, 12392.81 29706.59, 12083.48 29718.54, 11773.83 29730.51, 11537 29739.4, 11463.73 29742.5, 11438.37 29743.57, 11456.68 30042.07, 11475.42 30340.59, 11494.07 30638.75, 11512.74 30936.61, 11514.46 30962.46, 11823.39 30949.76, 12132.34 30937.08, 12440.91 30924.4, 12749.11 30911.74, 12775.06 30910.96, 12756.79 30613.88, 12738.87 30316.44, 12720.96 30018.68, 12702.97 29720.56, 12701.73 29695.03))",annotation,plate4_5H,[102   0 102]
93,"POLYGON ((14599.49 38952.52, 14297.96 38969.4, 13996.12 38986.67, 13693.93 39003.61, 13462.44 39016.59, 13391.33 39020.92, 13366.2 39022.46, 13383.48 39309.65, 13400.7 39596.9, 13417.93 39883.82, 13435.14 40170.45, 13436.73 40195.32, 13738.21 40177.33, 14039.71 40159.38, 14340.85 40141.45, 14641.63 40123.52, 14666.58 40122.32, 14650.13 39836.39, 14633.62 39550.16, 14617.13 39263.62, 14600.59 38976.73, 14599.49 38952.52))",annotation,plate4_6B,[  0 255   0]
94,"POLYGON ((15412.28 28272.15, 15105.96 28282.82, 14799.22 28293.86, 14492.12 28304.56, 14257.31 28312.73, 14184.66 28315.62, 14159.51 28316.61, 14176.22 28615.02, 14193.33 28913.45, 14210.42 29211.52, 14227.48 29509.29, 14229.06 29535.12, 14535.37 29523.33, 14841.77 29511.56, 15147.75 29499.8, 15453.37 29488.05, 15479.1 29487.34, 15462.43 29190.34, 15446.09 28893.01, 15429.74 28595.34, 15413.37 28297.3, 15412.28 28272.15))",annotation,plate4_9D,[102   0 102]
95,"POLYGON ((9800.73 28472.53, 9487.48 28483.42, 9173.86 28494.71, 8859.85 28506.03, 8619.74 28514.4, 8545.45 28517.35, 8519.74 28518.37, 8539.87 28820, 8560.41 29121.64, 8580.92 29422.94, 8601.38 29723.92, 8603.23 29749.66, 8916.46 29737.61, 9229.72 29725.57, 9542.65 29713.93, 9855.09 29701.91, 9881.44 29701.17, 9861.37 29400.99, 9841.64 29100.44, 9821.89 28799.56, 9802.12 28498.32, 9800.73 28472.53))",annotation,plate4_4G,[102   0 102]
96,"POLYGON ((15112.73 22805.4, 14803 22812.77, 14492.91 22820.58, 14182.42 22827.96, 13944.62 22833.65, 13871.56 22835.76, 13845.74 22836.51, 13863.2 23141.15, 13880.63 23445.8, 13898.08 23750.15, 13915.54 24054.11, 13917.15 24080.5, 14226.83 24071.98, 14536.6 24063.41, 14845.92 24054.88, 15154.89 24046.37, 15180.54 24045.96, 15163.92 23742.75, 15147.21 23439.2, 15130.55 23135.29, 15113.84 22831.06, 15112.73 22805.4))",annotation,plate4_8H,[102   0 102]
97,"POLYGON ((9150.46 59614.29, 8853.64 59642.82, 8556.57 59671.74, 8259.09 59700.68, 8031.68 59722.55, 7961.29 59729.66, 7936.96 59732.11, 7956.33 60000.56, 7976.04 60269.04, 7995.77 60537.2, 8015.44 60805.09, 8017.22 60827.98, 8313.99 60798.47, 8610.74 60768.95, 8907.2 60739.45, 9203.28 60709.98, 9228.25 60707.77, 9208.87 60440.52, 9189.85 60172.95, 9170.81 59905.08, 9151.78 59636.93, 9150.46 59614.29))",annotation,plate4_9A,[255 255 255]
98,"POLYGON ((9608.6 47040.26, 9305.41 47061.92, 9001.87 47083.97, 8697.95 47105.67, 8465.61 47122.29, 8393.72 47127.77, 8368.8 47129.67, 8388.36 47411.16, 8408.32 47692.68, 8428.21 47973.89, 8448.12 48254.77, 8449.98 48279.13, 8753.14 48256.43, 9056.34 48233.73, 9359.14 48211.06, 9661.64 48188.41, 9687.14 48186.77, 9667.55 47906.56, 9648.39 47626.04, 9629.17 47345.16, 9609.93 47064.01, 9608.6 47040.26))",annotation,plate4_1E,[255 255   0]
100,"POLYGON ((19254.56 22702.39, 18949.9 22709.66, 18644.95 22717.31, 18339.59 22724.99, 18105.71 22730.58, 18033.86 22732.65, 18008.46 22733.38, 18023.41 23035.56, 18038.33 23337.78, 18053.27 23639.64, 18068.21 23941.16, 18069.59 23966.96, 18374.18 23958.54, 18678.86 23950.15, 18983.1 23941.75, 19287 23933.38, 19312.23 23932.96, 19298.09 23632.2, 19283.86 23331.09, 19269.69 23029.65, 19255.46 22727.85, 19254.56 22702.39))",annotation,plate4_2F,[102   0 102]
101,"POLYGON ((14896.01 44108.57, 14597.71 44128.36, 14299.08 44148.53, 14000.07 44168.37, 13771.1 44183.58, 13700.69 44188.6, 13675.85 44190.36, 13692.76 44471.82, 13709.66 44753.34, 13726.52 45034.55, 13743.39 45315.42, 13744.98 45339.79, 14043.23 45318.97, 14341.56 45298.14, 14639.49 45277.34, 14937.12 45256.55, 14961.83 45255.09, 14945.64 44974.86, 14929.46 44694.32, 14913.3 44413.47, 14897.09 44132.32, 14896.01 44108.57))",annotation,plate4_11A,[102   0 102]
102,"POLYGON ((14748.42 41542.43, 14448.53 41560.78, 14148.3 41579.51, 13847.71 41598.28, 13617.49 41612.4, 13546.76 41617.07, 13521.76 41618.71, 13538.84 41903.03, 13555.92 42187.38, 13572.97 42471.41, 13589.98 42755.15, 13591.53 42779.43, 13891.44 42759.99, 14191.3 42740.59, 14490.87 42721.19, 14790.02 42701.84, 14814.87 42700.51, 14798.55 42417.45, 14782.24 42134.08, 14765.89 41850.41, 14749.54 41566.39, 14748.42 41542.43))",annotation,plate4_12C,[  0 255   0]
103,"POLYGON ((14142.89 31020.68, 13836.5 31033, 13529.69 31045.69, 13222.55 31058.42, 12987.33 31067.9, 12915.06 31071.16, 12889.51 31072.3, 12907.26 31368.44, 12925.05 31664.61, 12942.81 31960.44, 12960.56 32255.95, 12962.17 32281.22, 13268.58 32267.79, 13575.01 32254.37, 13881.06 32240.96, 14186.75 32227.59, 14212.52 32226.72, 14195.13 31931.97, 14178.15 31636.87, 14161.09 31341.44, 14144.03 31045.64, 14142.89 31020.68))",annotation,plate4_2E,[102   0 102]
104,"POLYGON ((10414.48 37839.23, 10107.18 37855.63, 9799.54 37872.41, 9491.49 37888.84, 9255.96 37901.43, 9183.06 37905.68, 9157.87 37907.14, 9177.28 38198.09, 9197.09 38489.07, 9216.85 38779.73, 9236.61 39070.03, 9238.42 39095.22, 9545.7 39077.76, 9853 39060.27, 10159.92 39042.8, 10466.5 39025.34, 10492.32 39024.16, 10472.92 38734.56, 10453.88 38444.63, 10434.86 38154.35, 10415.79 37863.76, 10414.48 37839.23))",annotation,plate4_2G,[102   0 102]
105,"POLYGON ((14820.45 42796.96, 14521.33 42816, 14221.85 42835.43, 13922.08 42854.92, 13692.87 42869.54, 13621.91 42874.4, 13597.36 42876.09, 13613.97 43159.02, 13630.96 43441.98, 13647.9 43724.64, 13664.86 44006.98, 13666.4 44031.13, 13965.53 44011.02, 14264.62 43990.9, 14563.38 43970.82, 14861.79 43950.76, 14886.98 43949.34, 14870.33 43667.7, 14854.1 43385.71, 14837.83 43103.42, 14821.53 42820.81, 14820.45 42796.96))",annotation,plate4_12C,[  0 255   0]
106,"POLYGON ((12656.23 51871.23, 12359.49 51895.39, 12062.35 51919.95, 11764.9 51944.53, 11537.46 51963.09, 11467.1 51969.16, 11442.74 51971.26, 11460.33 52245.8, 11478.29 52520.38, 11496.24 52794.64, 11514.17 53068.6, 11515.79 53092.03, 11812.51 53066.85, 12109.31 53041.65, 12405.71 53016.5, 12701.82 52991.38, 12726.75 52989.52, 12709.18 52716.2, 12691.94 52442.58, 12674.68 52168.63, 12657.4 51894.38, 12656.23 51871.23))",annotation,plate4_4F,[255 255   0]
108,"POLYGON ((12887.52 55546.84, 12593.08 55572.97, 12298.27 55599.51, 12003.16 55626.05, 11777.13 55646.15, 11707.69 55652.66, 11683.14 55654.95, 11700.81 55925.45, 11718.52 56196.02, 11736.2 56466.27, 11753.87 56736.23, 11755.47 56759.32, 12049.9 56732.19, 12344.37 56705.04, 12638.52 56678.28, 12932.3 56651.21, 12956.69 56649.21, 12939.72 56379.85, 12922.76 56110.19, 12905.75 55840.23, 12888.69 55570, 12887.52 55546.84))",annotation,plate4_5D,[255 255   0]
111,"POLYGON ((8445.87 49682.16, 8142.73 49705.34, 7839.2 49728.91, 7535.36 49752.5, 7302.62 49770.3, 7231.13 49776.11, 7205.86 49778.16, 7225.98 50057.51, 7246.54 50336.91, 7267.06 50615.97, 7287.57 50894.73, 7289.41 50918.55, 7592.55 50894.35, 7895.71 50870.14, 8198.51 50845.92, 8500.95 50821.76, 8526.45 50820, 8506.68 50541.88, 8486.93 50263.47, 8467.08 49984.73, 8447.25 49705.72, 8445.87 49682.16))",annotation,plate4_1G,[255 255   0]
112,"POLYGON ((26136.99 23847.7, 25841.48 23855.54, 25545.56 23863.78, 25249.32 23871.99, 25022.46 23878.04, 24952.75 23880.24, 24928.11 23881.03, 24938.91 24177.65, 24949.75 24474.33, 24960.57 24770.67, 24971.38 25066.69, 24972.42 25092.38, 25267.97 25083.45, 25563.54 25074.49, 25858.75 25065.55, 26153.62 25056.62, 26178.09 25056.18, 26167.98 24760.9, 26157.89 24465.28, 26147.72 24169.36, 26137.58 23873.09, 26136.99 23847.7))",annotation,plate4_1A,[102   0 102]
114,"POLYGON ((21998.25 22634.21, 21696.95 22641.4, 21395.35 22648.96, 21093.33 22656.54, 20862.45 22662.06, 20791 22664.12, 20766.26 22664.85, 20779.19 22965.39, 20792.46 23265.97, 20805.76 23566.23, 20819.01 23866.13, 20820.27 23891.78, 21121.54 23883.47, 21422.84 23875.15, 21723.79 23867.24, 22024.35 23858.94, 22049.68 23858.54, 22036.75 23559.4, 22024.18 23259.91, 22011.6 22960.07, 21999.04 22659.92, 21998.25 22634.21))",annotation,plate4_3G,[102   0 102]
115,"POLYGON ((30053.27 22434.4, 29761.7 22441.34, 29469.85 22448.68, 29177.6 22456.01, 28953.82 22461.36, 28885.05 22463.35, 28860.75 22464.05, 28869.33 22759.8, 28877.89 23055.61, 28886.47 23351.07, 28895.01 23646.23, 28895.86 23671.46, 29187.41 23663.4, 29478.98 23655.36, 29770.2 23647.34, 30061.07 23639.3, 30085.22 23638.94, 30077.33 23344.51, 30069.44 23049.78, 30061.53 22754.71, 30053.65 22459.32, 30053.27 22434.4))",annotation,plate4_3C,[102   0 102]
116,"POLYGON ((15850.6 36263.45, 15549.14 36278.76, 15247.37 36294.45, 14945.23 36310.17, 14713.82 36321.92, 14642.73 36325.88, 14617.63 36327.29, 14634.22 36616.64, 14650.78 36906.05, 14667.35 37195.12, 14683.87 37483.91, 14685.38 37508.58, 14986.83 37492.2, 15288.24 37475.82, 15589.34 37459.44, 15890.06 37443.08, 15915 37442.02, 15899.2 37153.96, 15883.36 36865.57, 15867.5 36576.86, 15851.65 36287.85, 15850.6 36263.45))",annotation,plate4_11D,[102   0 102]
117,"POLYGON ((24760.48 23885.54, 24463.28 23893.45, 24165.73 23901.7, 23867.81 23909.99, 23639.68 23916.07, 23569.54 23918.29, 23544.76 23919.08, 23556.41 24216.51, 23568.05 24513.99, 23579.65 24811.14, 23591.27 25107.96, 23592.4 25133.72, 23889.58 25124.74, 24186.84 25115.75, 24483.68 25106.76, 24780.23 25097.78, 24804.85 25097.34, 24793.9 24801.24, 24782.98 24504.83, 24772.08 24208.08, 24761.14 23911.02, 24760.48 23885.54))",annotation,plate4_3E,[102   0 102]
118,"POLYGON ((10586.67 40462.6, 10281.04 40480.49, 9975.09 40498.78, 9668.71 40517.09, 9434.11 40530.82, 9362.03 40535.39, 9336.55 40537.02, 9355.77 40825.02, 9375.34 41113.05, 9394.93 41400.74, 9414.46 41688.13, 9416.23 41712.69, 9721.87 41693.73, 10027.47 41674.75, 10332.76 41655.8, 10637.65 41636.86, 10663.36 41635.55, 10644.51 41348.86, 10625.7 41061.84, 10606.84 40774.52, 10588 40486.88, 10586.67 40462.6))",annotation,plate4_8G,[  0 255   0]
119,"POLYGON ((17970.57 24072.59, 17665.12 24080.68, 17359.26 24089.19, 17053.06 24097.68, 16818.95 24103.91, 16746.51 24106.21, 16721.4 24106.99, 16736.69 24408.46, 16752.38 24709.96, 16768.05 25011.09, 16783.7 25311.91, 16785.14 25337.61, 17090.61 25328.39, 17396.1 25319.16, 17701.18 25309.92, 18005.95 25300.69, 18031.64 25300.21, 18016.35 25000.17, 18001.43 24699.79, 17986.49 24399.05, 17971.53 24097.99, 17970.57 24072.59))",annotation,plate4_2F,[102   0 102]
120,"POLYGON ((7333.69 34014.45, 7020.41 34028.72, 6706.74 34043.35, 6392.76 34058.03, 6152.6 34068.98, 6078.31 34072.71, 6052.63 34074.02, 6074.04 34371.04, 6095.92 34668.07, 6117.71 34964.77, 6139.51 35261.12, 6141.47 35286.46, 6454.72 35271.08, 6767.99 35255.69, 7080.88 35240.35, 7393.38 35224.98, 7419.69 35223.98, 7398.31 34928.38, 7377.28 34632.4, 7356.25 34336.13, 7335.13 34039.49, 7333.69 34014.45))",annotation,plate4_10H,[102   0 102]
122,"POLYGON ((9433.54 44475.82, 9128.67 44496.04, 8823.53 44516.65, 8517.95 44537.28, 8284.35 44552.81, 8212.07 44557.95, 8187.05 44559.72, 8206.81 44844.09, 8226.93 45128.45, 8247.07 45412.52, 8267.14 45696.25, 8268.99 45720.51, 8573.8 45699.23, 8878.63 45677.94, 9183.12 45657.04, 9487.22 45635.81, 9512.86 45634.29, 9493.11 45351.24, 9473.72 45067.88, 9454.31 44784.18, 9434.91 44500.16, 9433.54 44475.82))",annotation,plate4_6E,[0 0 0]
125,"POLYGON ((14101.47 52966.61, 13807.1 52991.29, 13512.34 53016.38, 13217.29 53041.46, 12991.3 53060.45, 12921.84 53066.61, 12897.3 53068.78, 12914.38 53341.29, 12931.49 53613.86, 12948.53 53886.13, 12965.57 54158.09, 12967.12 54181.34, 13261.47 54155.66, 13555.91 54129.97, 13849.98 54104.3, 14143.7 54078.68, 14168.43 54076.76, 14151.74 53805.45, 14135.37 53533.8, 14119.01 53261.85, 14102.57 52989.6, 14101.47 52966.61))",annotation,plate4_7G,[255 255   0]
126,"POLYGON ((16403.94 21357.66, 16095.03 21364.13, 15785.79 21371.03, 15476.11 21377.93, 15239.37 21382.93, 15166.11 21384.85, 15140.75 21385.51, 15157.04 21690.95, 15173.76 21996.44, 15190.46 22301.58, 15207.11 22606.34, 15208.69 22632.8, 15517.59 22625.15, 15826.51 22617.53, 16135.04 22609.88, 16443.2 22602.23, 16469.18 22601.87, 16452.84 22297.89, 16436.93 21993.54, 16420.98 21688.83, 16405.04 21383.79, 16403.94 21357.66))",annotation,plate4_10C,[102   0 102]
127,"POLYGON ((7712.19 39344.7, 7402.36 39362.03, 7092.17 39379.8, 6781.61 39397.57, 6543.78 39410.9, 6470.67 39415.36, 6444.84 39416.93, 6466.24 39707.86, 6487.64 39998.83, 6508.99 40289.46, 6530.34 40579.77, 6532.29 40604.58, 6842.07 40586.15, 7151.93 40567.68, 7461.34 40549.24, 7770.45 40530.84, 7796.11 40529.59, 7775.49 40239.98, 7754.89 39950.07, 7734.29 39659.79, 7713.63 39369.21, 7712.19 39344.7))",annotation,plate4_6G,[102   0 102]
129,"POLYGON ((24661.01 21176.19, 24362.22 21182.47, 24063.12 21189.13, 23763.59 21195.79, 23534.23 21200.64, 23463.76 21202.48, 23438.85 21203.14, 23450.57 21503.63, 23462.34 21804.17, 23474.09 22104.38, 23485.82 22404.23, 23486.92 22429.87, 23785.71 22422.48, 24084.53 22415.07, 24382.98 22407.7, 24681.07 22400.3, 24705.81 22399.97, 24694.76 22100.87, 24683.76 21801.41, 24672.71 21501.64, 24661.69 21201.51, 24661.01 21176.19))",annotation,plate4_7D,[102   0 102]
130,"POLYGON ((27439.84 23812.15, 27145.86 23819.95, 26851.55 23828.13, 26556.83 23835.95, 26331.18 23841.95, 26261.84 23844.14, 26237.33 23844.91, 26247.4 24140.78, 26257.45 24436.68, 26267.52 24732.26, 26277.57 25027.52, 26278.54 25053.13, 26572.52 25044.24, 26866.53 25035.35, 27160.18 25026.45, 27453.48 25017.58, 27477.83 25017.14, 27468.49 24722.6, 27459.09 24427.78, 27449.71 24132.6, 27440.35 23837.09, 27439.84 23812.15))",annotation,plate4_1A,[102   0 102]
131,"POLYGON ((26044.84 21145.75, 25747.74 21152, 25450.28 21158.64, 25152.47 21165.25, 24924.37 21170.07, 24854.29 21171.92, 24829.52 21172.56, 24840.09 21472.23, 24851 21771.96, 24861.94 22071.31, 24872.89 22370.36, 24873.92 22395.92, 25171 22388.56, 25468.17 22381.23, 25764.92 22373.87, 26061.34 22366.53, 26086.32 22366.17, 26076.14 22067.89, 26065.91 21769.29, 26055.64 21470.31, 26045.42 21171.02, 26044.84 21145.75))",annotation,plate4_11B,[102   0 102]
132,"POLYGON ((7235.91 32632.39, 6921.74 32645.82, 6607.21 32659.65, 6292.29 32673.52, 6051.08 32683.88, 5976.95 32687.41, 5950.79 32688.64, 5972.75 32987.21, 5994.72 33285.84, 6016.62 33584.13, 6038.53 33882.03, 6040.51 33907.52, 6354.65 33892.94, 6668.81 33878.37, 6982.62 33864.2, 7296.04 33849.65, 7322.03 33848.72, 7300.9 33551.54, 7279.76 33254, 7258.62 32956.15, 7237.42 32657.92, 7235.91 32632.39))",annotation,plate4_3H,[102   0 102]
133,"POLYGON ((19758.99 33437.24, 19460.86 33450.81, 19162.31 33464.75, 18863.45 33478.73, 18634.96 33489.14, 18564.26 33492.7, 18539.75 33493.93, 18553.72 33784.02, 18568.07 34074.11, 18582.41 34363.9, 18596.73 34653.37, 18598.05 34678.12, 18896.21 34663.47, 19194.39 34648.82, 19492.19 34634.2, 19789.69 34619.59, 19814.76 34618.64, 19800.77 34329.9, 19787.18 34040.81, 19773.51 33751.42, 19759.85 33461.68, 19758.99 33437.24))",annotation,plate4_11H,[102   0 102]
134,"POLYGON ((12784.92 31076.63, 12476.84 31089.02, 12168.4 31101.77, 11859.62 31114.56, 11623.06 31124.08, 11550.4 31127.35, 11524.71 31128.52, 11543.32 31425.41, 11561.93 31722.35, 11580.52 32018.98, 11599.09 32315.24, 11600.77 32340.58, 11908.81 32327.09, 12216.92 32313.58, 12524.63 32300.11, 12831.93 32286.64, 12857.84 32285.79, 12839.68 31990.29, 12821.85 31694.39, 12804.03 31398.19, 12786.13 31101.66, 12784.92 31076.63))",annotation,plate4_2E,[102   0 102]
135,"POLYGON ((8897.42 36623.29, 8587.53 36639.02, 8277.34 36655.16, 7966.74 36671.29, 7728.85 36683.39, 7655.74 36687.47, 7629.94 36688.9, 7650.32 36982.11, 7671.1 37275.34, 7691.83 37568.22, 7712.56 37860.79, 7714.43 37885.79, 8024.27 37868.95, 8334.13 37852.13, 8643.62 37835.29, 8952.72 37818.48, 8978.75 37817.35, 8958.82 37525.5, 8938.83 37233.34, 8918.85 36940.83, 8898.82 36648, 8897.42 36623.29))",annotation,plate4_5G,[102   0 102]
136,"POLYGON ((17515.28 42622.67, 17219.34 42641.52, 16923.1 42660.76, 16626.53 42680, 16399.34 42694.48, 16329.56 42699.28, 16304.92 42700.96, 16320.33 42982.46, 16335.71 43264.01, 16351.11 43545.23, 16366.48 43826.16, 16367.89 43850.17, 16663.78 43830.3, 16959.7 43810.41, 17255.27 43790.52, 17550.49 43770.68, 17574.97 43769.31, 17560.32 43489.04, 17545.63 43208.48, 17530.96 42927.57, 17516.23 42646.41, 17515.28 42622.67))",annotation,plate4_8D,[  0 255   0]
137,"POLYGON ((15034.91 21387.85, 14724.31 21394.4, 14413.34 21401.31, 14101.99 21408.25, 13863.92 21413.28, 13790.26 21415.19, 13764.76 21415.85, 13781.92 21722.14, 13799.47 22028.42, 13816.98 22334.38, 13834.53 22639.99, 13836.13 22666.12, 14146.69 22658.42, 14457.33 22650.74, 14767.52 22643.08, 15077.4 22635.38, 15103.49 22635.03, 15086.38 22330.22, 15069.58 22025.04, 15052.83 21719.55, 15036.03 21413.67, 15034.91 21387.85))",annotation,plate4_10C,[102   0 102]
140,"POLYGON ((16414.51 46547.75, 16119.4 46568.82, 15823.97 46590.27, 15528.18 46611.74, 15301.64 46627.94, 15232.05 46633.24, 15207.45 46635.12, 15223.38 46913.08, 15239.29 47191.08, 15255.21 47468.77, 15271.14 47746.19, 15272.59 47769.89, 15567.65 47747.79, 15862.79 47725.7, 16157.53 47703.64, 16451.95 47681.56, 16476.4 47680.02, 16461.22 47403.25, 16445.97 47126.2, 16430.77 46848.85, 16415.51 46571.19, 16414.51 46547.75))",annotation,plate4_11F,[102   0 102]
141,"POLYGON ((9077.88 39266.82, 8769.71 39284.07, 8461.23 39301.72, 8152.3 39319.39, 7915.71 39332.67, 7843.03 39337.09, 7817.37 39338.66, 7837.9 39628.85, 7858.47 39919.07, 7879.02 40208.98, 7899.51 40498.56, 7901.36 40523.3, 8209.54 40504.96, 8517.67 40486.61, 8825.5 40468.28, 9132.92 40449.94, 9158.42 40448.72, 9138.65 40159.84, 9118.9 39870.64, 9099.09 39581.12, 9079.29 39291.28, 9077.88 39266.82))",annotation,plate4_6G,[102   0 102]
142,"POLYGON ((13494.92 42882.73, 13194.19 42901.88, 12893.19 42921.43, 12591.77 42940.64, 12361.32 42955.32, 12289.98 42960.22, 12265.33 42961.91, 12282.72 43245.54, 12300.47 43529.23, 12318.23 43812.58, 12335.97 44095.61, 12337.6 44120.17, 12638.28 44099.96, 12938.98 44079.75, 13239.32 44059.56, 13539.31 44039.4, 13564.6 44037.96, 13547.2 43755.63, 13530.17 43472.94, 13513.15 43189.96, 13496.07 42906.64, 13494.92 42882.73))",annotation,plate4_12C,[  0 255   0]
144,"POLYGON ((11853.58 39108.63, 11548.77 39125.71, 11243.59 39143.17, 10938.1 39160.65, 10704.52 39173.75, 10632.21 39178.16, 10607.19 39179.68, 10625.69 39468.38, 10644.58 39757.13, 10663.42 40045.53, 10682.27 40333.6, 10684 40358.6, 10988.82 40340.45, 11293.6 40322.3, 11598.04 40304.16, 11902.11 40286.05, 11927.78 40284.79, 11909.25 39997.44, 11891.16 39709.72, 11873.01 39421.71, 11854.84 39133.34, 11853.58 39108.63))",annotation,plate4_8G,[  0 255   0]
148,"POLYGON ((22111.58 25344.34, 21811.91 25353.11, 21511.89 25362.28, 21211.49 25371.09, 20981.85 25377.85, 20910.75 25380.29, 20886.15 25381.13, 20898.94 25678.63, 20912.11 25976.14, 20925.24 26273.33, 20938.38 26570.19, 20939.65 26595.96, 21239.32 26586.04, 21539.01 26576.15, 21838.3 26566.26, 22137.3 26556.37, 22162.5 26555.83, 22149.66 26259.72, 22137.26 25963.29, 22124.8 25666.5, 22112.34 25369.39, 22111.58 25344.34))",annotation,plate4_6C,[102   0 102]
149,"POLYGON ((12258.07 45539.28, 11957.32 45559.97, 11656.22 45581.06, 11354.77 45602.16, 11123.92 45618.07, 11052.96 45623.3, 11027.89 45625.14, 11046.31 45906.65, 11064.73 46188.2, 11083.1 46469.44, 11101.49 46750.36, 11103.21 46774.74, 11403.91 46753, 11704.69 46731.25, 12005.06 46709.53, 12305.14 46687.84, 12330.05 46686.3, 12312.39 46406.04, 12294.68 46125.48, 12277.02 45844.57, 12259.3 45563.38, 12258.07 45539.28))",annotation,plate4_3B,[102   0 102]
150,"POLYGON ((10703.85 63073.13, 10410.88 63103.38, 10117.6 63134.02, 9823.97 63164.69, 9599.09 63187.93, 9530.01 63195.39, 9505.59 63198.03, 9524.3 63461.93, 9543.01 63725.9, 9561.67 63989.59, 9580.34 64252.98, 9582.05 64275.83, 9875.01 64244.61, 10167.94 64213.38, 10460.57 64182.19, 10752.89 64151.01, 10777.13 64148.7, 10759.15 63885.88, 10741.18 63622.77, 10723.16 63359.39, 10705.12 63095.73, 10703.85 63073.13))",annotation,plate4_7B,[255 255 255]
151,"POLYGON ((7616.01 37990.86, 7305.31 38007.44, 6994.25 38024.41, 6682.81 38041.39, 6444.3 38054.14, 6370.99 38058.4, 6345.12 38059.91, 6366.6 38352.38, 6388.11 38644.87, 6409.57 38937.05, 6431.03 39228.88, 6433.02 39254.2, 6743.71 39236.55, 7054.4 39218.84, 7364.69 39201.19, 7674.67 39183.54, 7700.41 39182.38, 7679.68 38891.25, 7659 38599.79, 7638.25 38307.99, 7617.49 38015.89, 7616.01 37990.86))",annotation,plate4_5G,[102   0 102]
152,"POLYGON ((15680.09 57737.54, 15390.22 57764.72, 15100.03 57792.22, 14809.48 57819.77, 14587.38 57840.61, 14518.65 57847.38, 14494.86 57849.71, 14510.5 58116.34, 14526.48 58382.98, 14542.51 58649.32, 14558.46 58915.39, 14559.92 58938.14, 14849.76 58910.02, 15139.64 58881.9, 15429.18 58853.82, 15718.39 58825.76, 15742.77 58823.63, 15727.12 58558.19, 15711.8 58292.43, 15696.43 58026.39, 15681.1 57760.04, 15680.09 57737.54))",annotation,plate4_3F,[255 255   0]
153,"POLYGON ((8887.25 55905.85, 8588.09 55932.41, 8288.56 55959.35, 7988.75 55986.33, 7759.48 56006.71, 7688.55 56013.35, 7664 56015.64, 7683.62 56288.13, 7703.7 56560.64, 7723.69 56832.87, 7743.69 57104.76, 7745.5 57128.02, 8044.66 57100.44, 8343.78 57072.86, 8642.59 57045.34, 8941.05 57017.84, 8966.21 57015.76, 8946.54 56744.52, 8927.27 56472.91, 8907.94 56201.02, 8888.56 55928.82, 8887.25 55905.85))",annotation,plate4_2H,[255 255 255]
154,"POLYGON ((17696.99 18549.65, 17388.16 18554.39, 17078.97 18559.55, 16769.38 18564.35, 16532.29 18568.02, 16459.41 18569.51, 16433.67 18570.05, 16449.68 18877.82, 16465.7 19185.64, 16481.66 19493.1, 16497.64 19800.23, 16499.16 19826.89, 16807.95 19820.93, 17116.83 19815, 17425.26 19809.09, 17733.37 19803.16, 17758.95 19802.95, 17743.73 19496.64, 17728.46 19189.96, 17713.25 18882.95, 17697.98 18575.56, 17696.99 18549.65))",annotation,plate4_10A,[102   0 102]
155,"POLYGON ((15484.71 29588.53, 15179.14 29599.96, 14873.24 29611.78, 14566.96 29623.26, 14332.38 29632.04, 14260.31 29635.09, 14234.84 29636.18, 14251.86 29933.06, 14268.88 30229.99, 14285.88 30526.59, 14302.83 30822.86, 14304.4 30848.55, 14609.97 30836.01, 14915.48 30823.45, 15220.7 30810.94, 15525.47 30798.41, 15550.78 30797.65, 15534.58 30502.13, 15518.32 30206.27, 15502.05 29910.09, 15485.76 29613.56, 15484.71 29588.53))",annotation,plate4_9D,[102   0 102]
156,"POLYGON ((17647.95 45163.53, 17353.59 45183.78, 17058.93 45204.41, 16763.86 45225.08, 16537.93 45240.64, 16468.51 45245.75, 16443.97 45247.57, 16459.2 45526.26, 16474.46 45805, 16489.7 46083.46, 16504.89 46361.58, 16506.32 46385.37, 16800.66 46364.08, 17095.03 46342.79, 17389.05 46321.55, 17682.73 46300.3, 17707.11 46298.8, 17692.55 46021.34, 17678.03 45743.52, 17663.47 45465.43, 17648.92 45187.02, 17647.95 45163.53))",annotation,plate4_5F,[102   0 102]
158,"POLYGON ((7898.29 41967.95, 7590.11 41986.79, 7281.66 42006.07, 6972.77 42025.34, 6736.23 42039.82, 6663.53 42044.61, 6637.88 42046.31, 6659.06 42334.28, 6680.21 42622.27, 6701.37 42909.96, 6722.47 43197.32, 6724.41 43221.88, 7032.52 43201.96, 7340.65 43181.99, 7648.44 43162.46, 7955.83 43142.57, 7981.35 43141.17, 7960.97 42854.52, 7940.57 42567.53, 7920.15 42280.23, 7899.74 41992.59, 7898.29 41967.95))",annotation,plate4_9G,[255 255 255]
159,"POLYGON ((18994.02 17166.25, 18686.02 17170.15, 18377.7 17174.47, 18069.02 17178.78, 17832.96 17181.79, 17759.89 17183.09, 17734.64 17183.55, 17749.51 17492.06, 17764.74 17800.62, 17779.99 18108.83, 17795.22 18416.67, 17796.62 18443, 18104.59 18437.92, 18412.57 18432.83, 18720.17 18427.75, 19027.36 18422.7, 19053.29 18422.56, 19038.43 18115.51, 19023.94 17808.11, 19009.47 17500.35, 18994.95 17192.24, 18994.02 17166.25))",annotation,plate4_10A,[102   0 102]
160,"POLYGON ((16831.48 29536.76, 16527.61 29548.12, 16223.32 29559.89, 15918.74 29571.66, 15685.42 29580.42, 15613.71 29583.46, 15588.38 29584.52, 15604.58 29880.65, 15620.79 30176.8, 15636.99 30472.63, 15653.16 30768.11, 15654.64 30793.38, 15958.5 30780.91, 16262.44 30768.41, 16565.98 30755.94, 16869.16 30743.51, 16894.33 30742.76, 16878.9 30447.98, 16863.45 30152.9, 16847.98 29857.48, 16832.49 29561.7, 16831.48 29536.76))",annotation,plate4_9D,[102   0 102]
162,"POLYGON ((30087.89 23739.25, 29797.1 23746.94, 29505.99 23755.05, 29214.47 23763.14, 28991.63 23769.06, 28922.67 23771.24, 28898.8 23772.01, 28906.94 24066.3, 28915.48 24360.66, 28924.02 24654.68, 28932.52 24948.38, 28933.37 24973.48, 29224.18 24964.69, 29515.01 24955.88, 29805.5 24947.09, 30095.64 24938.32, 30120.09 24937.87, 30111.84 24644.9, 30104.02 24351.6, 30096.15 24057.98, 30088.31 23764.04, 30087.89 23739.25))",annotation,plate4_3C,[102   0 102]
163,"POLYGON ((19124.81 19949.85, 18818.52 19955.44, 18511.91 19961.44, 18204.83 19967.06, 17970.1 19971.38, 17897.43 19973.07, 17872.32 19973.67, 17887 20278.99, 17902.11 20584.34, 17917.2 20889.37, 17932.24 21194.03, 17933.67 21220.47, 18239.96 21213.7, 18546.26 21206.95, 18852.19 21200.2, 19157.74 21193.45, 19183.5 21193.16, 19168.76 20889.31, 19154.45 20585.06, 19140.1 20280.49, 19125.76 19975.57, 19124.81 19949.85))",annotation,plate4_11C,[102   0 102]
164,"POLYGON ((19570.64 29431.55, 19270.07 29442.8, 18969.14 29454.43, 18667.86 29466.07, 18437.48 29474.72, 18366.2 29477.74, 18341.53 29478.78, 18355.72 29773.37, 18370.26 30067.94, 18384.85 30362.19, 18399.4 30656.13, 18400.73 30681.27, 18701.27 30668.93, 19001.9 30656.59, 19302.09 30644.25, 19601.96 30631.94, 19627.24 30631.17, 19613.07 30337.97, 19599.24 30044.44, 19585.39 29750.58, 19571.52 29456.38, 19570.64 29431.55))",annotation,plate4_9B,[102   0 102]
165,"POLYGON ((12179.73 44291.01, 11878.19 44311.01, 11576.31 44331.39, 11274.07 44351.81, 11042.61 44367.18, 10971.49 44372.24, 10946.36 44374.04, 10964.45 44656.96, 10982.96 44939.88, 11001.46 45222.52, 11019.9 45504.82, 11021.63 45529.32, 11323.15 45508.27, 11624.66 45487.21, 11925.87 45466.18, 12226.7 45445.16, 12252.06 45443.67, 12234.32 45162.04, 12216.55 44880.07, 12198.77 44597.8, 12180.96 44315.23, 12179.73 44291.01))",annotation,plate4_3B,[102   0 102]
167,"POLYGON ((16135.15 41456.29, 15836.88 41474.52, 15538.3 41493.16, 15239.41 41511.82, 15010.84 41525.82, 14940.09 41530.51, 14915.65 41532.12, 14931.52 41815.71, 14947.75 42099.34, 14963.99 42382.65, 14980.21 42665.62, 14981.69 42689.83, 15279.91 42670.52, 15578.15 42651.22, 15876.04 42631.93, 16173.58 42612.7, 16198.66 42611.32, 16182.77 42329.05, 16167.25 42046.4, 16151.73 41763.45, 16136.17 41480.18, 16135.15 41456.29))",annotation,plate4_8D,[  0 255   0]
168,"POLYGON ((12096.75 42973.09, 11794.38 42992.37, 11491.7 43012.01, 11188.57 43031.32, 10956.44 43046.14, 10885.13 43051.02, 10859.95 43052.74, 10878.53 43337.11, 10897.14 43621.52, 10915.73 43905.6, 10934.26 44189.36, 10935.97 44213.99, 11238.35 44193.67, 11540.69 44173.35, 11842.73 44153.04, 12144.38 44132.77, 12169.4 44131.35, 12151.56 43848.26, 12133.74 43564.84, 12115.86 43281.14, 12098 42997.07, 12096.75 42973.09))",annotation,plate4_12D,[102   0 102]
171,"POLYGON ((14177.44 54228.09, 13883.82 54253.46, 13589.88 54279.2, 13295.62 54304.97, 13070.2 54324.48, 13000.96 54330.79, 12976.48 54333.01, 12993.48 54604.16, 13010.47 54875.34, 13027.45 55146.23, 13044.41 55416.85, 13045.96 55439.98, 13339.52 55413.62, 13633.17 55387.26, 13926.47 55361.26, 14219.38 55334.96, 14243.71 55333.06, 14227.47 55063.05, 14211.18 54792.77, 14194.91 54522.18, 14178.55 54251.32, 14177.44 54228.09))",annotation,plate4_5E,[255 255   0]
172,"POLYGON ((20478.33 18503.88, 20172.9 18508.58, 19867.18 18513.7, 19561.05 18518.81, 19326.97 18522.44, 19254.51 18523.94, 19229.48 18524.45, 19243.41 18830.53, 19257.71 19136.67, 19272.02 19442.45, 19286.32 19747.87, 19287.63 19773.99, 19593.03 19768.13, 19898.44 19762.25, 20203.48 19756.37, 20508.14 19750.54, 20533.82 19750.33, 20519.88 19445.7, 20506.32 19140.7, 20492.77 18835.35, 20479.18 18529.67, 20478.33 18503.88))",annotation,plate4_2C,[102   0 102]
173,"POLYGON ((17909.23 50166.4, 17617.89 50189.39, 17326.29 50212.74, 17034.27 50235.79, 16811.05 50253.41, 16741.95 50259.19, 16718.07 50261.19, 16732.66 50534.45, 16747.59 50807.73, 16762.53 51080.73, 16777.43 51353.41, 16778.84 51377.07, 17070.13 51353.1, 17361.46 51329.12, 17652.44 51305.15, 17943.08 51281.21, 17967.58 51279.46, 17952.96 51007.42, 17938.7 50735.06, 17924.42 50462.41, 17910.16 50189.45, 17909.23 50166.4))",annotation,plate4_4A,[255 255   0]
174,"POLYGON ((28761.24 22466.56, 28468.19 22473.54, 28174.73 22480.92, 27880.95 22488.29, 27655.98 22493.67, 27586.84 22495.67, 27562.41 22496.38, 27571.71 22792.89, 27581.05 23089.47, 27590.34 23385.69, 27599.69 23681.6, 27600.57 23706.91, 27893.67 23698.83, 28186.79 23690.73, 28479.53 23682.66, 28771.98 23674.59, 28796.25 23674.21, 28787.62 23379.03, 28778.99 23083.54, 28770.35 22787.7, 28761.69 22491.55, 28761.24 22466.56))",annotation,plate4_3C,[102   0 102]
175,"POLYGON ((16343.5 45254.25, 16047.6 45274.61, 15751.36 45295.34, 15454.78 45316.12, 15227.66 45331.79, 15157.85 45336.92, 15133.18 45338.73, 15149.2 45618.1, 15165.22 45897.53, 15181.19 46176.66, 15197.2 46455.45, 15198.68 46479.64, 15494.53 46458.26, 15790.47 46436.88, 16086 46415.5, 16381.24 46394.14, 16405.75 46392.64, 16390.47 46114.48, 16375.14 45836.02, 16359.86 45557.25, 16344.53 45278.17, 16343.5 45254.25))",annotation,plate4_5F,[102   0 102]
176,"POLYGON ((17629.13 17185.02, 17319.46 17188.95, 17009.47 17193.27, 16699.03 17197.62, 16461.71 17200.67, 16388.24 17201.97, 16362.85 17202.42, 16378.52 17511.79, 16394.62 17821.17, 16410.7 18130.21, 16426.72 18438.86, 16428.19 18465.28, 16737.88 18460.16, 17047.52 18455.06, 17356.85 18449.96, 17665.75 18444.87, 17691.79 18444.71, 17676.07 18136.87, 17660.79 17828.62, 17645.47 17520.04, 17630.15 17211.07, 17629.13 17185.02))",annotation,plate4_10A,[102   0 102]
177,"POLYGON ((12945.83 33753.6, 12639.46 33767.56, 12332.7 33781.88, 12025.57 33796.23, 11790.72 33806.94, 11718.06 33810.59, 11692.91 33811.86, 11710.9 34105.75, 11729.36 34399.64, 11747.76 34693.23, 11766.1 34986.48, 11767.77 35011.55, 12074.16 34996.5, 12380.57 34981.46, 12686.66 34966.8, 12992.29 34951.79, 13018.06 34950.81, 13000.04 34658.3, 12982.43 34365.45, 12964.76 34072.27, 12947.08 33778.76, 12945.83 33753.6))",annotation,plate4_4H,[102   0 102]
178,"POLYGON ((26274.85 27883.95, 25981.61 27894.13, 25688.06 27904.7, 25394.15 27914.93, 25169.05 27922.77, 25099.9 27925.54, 25075.45 27926.5, 25086.12 28218.62, 25096.79 28510.79, 25107.46 28802.64, 25118.07 29094.15, 25119.09 29119.46, 25412.33 29108.17, 25705.54 29096.88, 25998.46 29085.64, 26290.97 29074.4, 26315.25 29073.72, 26305.32 28782.93, 26295.35 28491.8, 26285.37 28200.34, 26275.38 27908.57, 26274.85 27883.95))",annotation,plate4_3D,[128   0 128]
181,"POLYGON ((14324.46 56674.18, 14032.4 56700.87, 13739.98 56727.9, 13447.2 56754.61, 13222.99 56775.13, 13154.11 56781.74, 13129.76 56784.07, 13146.55 57052.55, 13163.39 57321.1, 13180.23 57589.34, 13196.99 57857.3, 13198.54 57880.55, 13490.61 57852.91, 13782.71 57825.28, 14074.5 57797.63, 14365.9 57770.05, 14390.47 57767.99, 14373.98 57500.66, 14357.88 57233.02, 14341.74 56965.07, 14325.58 56696.85, 14324.46 56674.18))",annotation,plate4_3F,[255 255   0]
182,"POLYGON ((15471.88 54115.33, 15179.8 54140.57, 14887.34 54166.18, 14594.55 54191.48, 14370.35 54210.85, 14301.47 54217.14, 14277.12 54219.35, 14293.33 54489.86, 14309.58 54760.43, 14325.82 55030.68, 14342.03 55300.66, 14343.53 55324.07, 14635.61 55297.85, 14927.72 55271.63, 15219.5 55245.44, 15510.94 55219.27, 15535.13 55217.34, 15519.6 54947.98, 15504.09 54678.34, 15488.49 54408.39, 15472.91 54138.15, 15471.88 54115.33))",annotation,plate4_5E,[255 255   0]
183,"POLYGON ((16063.08 40136.66, 15764 40154.16, 15464.65 40172.04, 15164.91 40189.97, 14935.33 40203.41, 14864.77 40207.88, 14839.88 40209.47, 14855.83 40494.52, 14872.18 40779.61, 14888.47 41064.39, 14904.78 41348.85, 14906.29 41373.54, 15205.32 41354.96, 15504.37 41336.38, 15803.07 41317.84, 16101.41 41299.32, 16126.56 41298.03, 16110.98 41014.27, 16095.37 40730.16, 16079.77 40445.77, 16064.13 40161.04, 16063.08 40136.66))",annotation,plate4_10D,[  0 255   0]
185,"POLYGON ((17380.98 40058.52, 17083.5 40075.94, 16785.69 40093.73, 16487.51 40111.18, 16259.53 40124.56, 16188.99 40129.03, 16164.57 40130.57, 16179.72 40414.93, 16195.32 40699.32, 16210.87 40983.36, 16226.37 41267.13, 16227.81 41291.74, 16525.3 41273.27, 16822.76 41254.81, 17119.92 41236.33, 17416.66 41217.91, 17441.68 41216.66, 17426.48 40933.58, 17411.67 40650.2, 17396.81 40366.5, 17381.94 40082.49, 17380.98 40058.52))",annotation,plate4_10D,[  0 255   0]
187,"POLYGON ((15993.57 38872.77, 15693.74 38889.57, 15393.54 38906.74, 15093.05 38923.95, 14862.88 38936.84, 14792.17 38941.15, 14767.17 38942.66, 14783.59 39229.11, 14800.02 39515.61, 14816.39 39801.78, 14832.78 40087.66, 14834.29 40112.46, 15134.13 40094.58, 15433.93 40076.72, 15733.41 40058.88, 16032.56 40041.07, 16057.77 40039.82, 16041.7 39754.7, 16026.04 39469.21, 16010.34 39183.41, 15994.62 38897.27, 15993.57 38872.77))",annotation,plate4_10D,[  0 255   0]
188,"POLYGON ((24811.16 25262.43, 24514.73 25271.12, 24218.01 25280.2, 23920.91 25289.28, 23693.36 25295.96, 23623.44 25298.38, 23598.73 25299.22, 23610.31 25595.11, 23621.87 25891.07, 23633.44 26186.68, 23644.99 26481.96, 23646.11 26507.2, 23942.48 26497.43, 24238.94 26487.62, 24534.98 26477.83, 24830.7 26468.06, 24855.25 26467.54, 24844.4 26172.98, 24833.53 25878.11, 24822.69 25582.88, 24811.8 25287.37, 24811.16 25262.43))",annotation,plate4_2D,[102   0 102]
189,"POLYGON ((15256.82 50377.84, 14962.37 50401.07, 14667.65 50424.67, 14372.56 50448.3, 14146.55 50466.14, 14077.12 50471.95, 14052.58 50474.02, 14069.07 50748.59, 14085.53 51023.21, 14102.01 51297.54, 14118.46 51571.55, 14120.02 51595.33, 14414.38 51571.12, 14708.84 51546.85, 15002.89 51522.65, 15296.62 51498.47, 15321.01 51496.73, 15305.28 51223.33, 15289.47 50949.64, 15273.7 50675.63, 15257.89 50401.34, 15256.82 50377.84))",annotation,plate4_12E,[255 255   0]
191,"POLYGON ((12340.13 46842.56, 12040.17 46864, 11739.93 46885.81, 11439.3 46907.63, 11209.05 46924.09, 11138.31 46929.48, 11113.31 46931.38, 11131.64 47211.45, 11149.93 47491.56, 11168.24 47771.35, 11186.53 48050.85, 11188.22 48074.74, 11488.1 48052.27, 11788.07 48029.82, 12087.62 48007.38, 12386.84 47984.97, 12411.69 47983.39, 12394.12 47704.54, 12376.53 47425.41, 12358.96 47145.95, 12341.33 46866.18, 12340.13 46842.56))",annotation,plate4_3A,[255 255 255]
192,"POLYGON ((10925.28 45632.33, 10622.93 45653.15, 10320.24 45674.34, 10017.16 45695.57, 9785.08 45711.56, 9713.78 45716.8, 9688.57 45718.65, 9707.79 46000.86, 9726.97 46283.09, 9746.17 46565.03, 9765.34 46846.65, 9767.07 46870.73, 10069.39 46848.86, 10371.74 46826.99, 10673.73 46805.16, 10975.36 46783.36, 11000.79 46781.79, 10981.99 46500.87, 10963.5 46219.6, 10945.02 45938.03, 10926.54 45656.11, 10925.28 45632.33))",annotation,plate4_3B,[102   0 102]
193,"POLYGON ((7803.12 40628.27, 7494.08 40646.36, 7184.76 40664.86, 6875.03 40683.37, 6638.19 40697.25, 6564.92 40701.88, 6539.56 40703.48, 6560.46 40993, 6581.72 41282.51, 6602.99 41571.69, 6624.23 41860.57, 6626.18 41885.25, 6935.12 41866.07, 7244.15 41846.88, 7552.74 41827.73, 7860.99 41808.58, 7886.98 41807.27, 7866.11 41519.11, 7845.6 41230.63, 7825.1 40941.8, 7804.55 40652.68, 7803.12 40628.27))",annotation,plate4_6G,[102   0 102]
194,"POLYGON ((10843.45 44380.99, 10540.3 44401.09, 10236.82 44421.6, 9932.97 44442.11, 9700.25 44457.57, 9628.76 44462.67, 9603.49 44464.46, 9622.41 44748.07, 9641.72 45031.71, 9660.98 45315.04, 9680.25 45598.04, 9682.02 45622.23, 9985.11 45601.07, 10288.28 45579.89, 10591.05 45559.12, 10893.5 45538.01, 10918.96 45536.49, 10900.46 45254.15, 10881.91 44971.52, 10863.34 44688.54, 10844.75 44405.27, 10843.45 44380.99))",annotation,plate4_3B,[102   0 102]
195,"POLYGON ((16481.6 47774.32, 16187.21 47796.06, 15892.57 47818.19, 15597.5 47840.32, 15371.95 47857, 15302.16 47862.5, 15278 47864.4, 15293.48 48141.05, 15309.31 48417.71, 15325.15 48694.06, 15340.98 48970.13, 15342.42 48993.71, 15636.76 48970.96, 15931.12 48948.2, 16225.13 48925.46, 16518.81 48902.74, 16543.56 48901.1, 16528.09 48625.7, 16512.91 48349.99, 16497.74 48073.96, 16482.6 47797.65, 16481.6 47774.32))",annotation,plate4_11F,[102   0 102]
196,"POLYGON ((13878.51 49261.64, 13581.77 49284.3, 13284.75 49307.39, 12987.35 49330.46, 12759.96 49347.86, 12689.61 49353.59, 12665.25 49355.56, 12682.21 49632.15, 12699.51 49908.8, 12716.83 50185.1, 12734.13 50461.12, 12735.73 50484.7, 13032.39 50461.01, 13329.14 50437.29, 13625.5 50413.97, 13921.53 50390.34, 13946.48 50388.59, 13929.54 50113.25, 13912.9 49837.58, 13896.3 49561.59, 13879.65 49285.3, 13878.51 49261.64))",annotation,plate4_12E,[255 255   0]
197,"POLYGON ((8264.97 47137.2, 7960.16 47158.99, 7655.01 47181.13, 7349.5 47203.32, 7115.89 47220.04, 7043.62 47225.54, 7018.6 47227.44, 7038.97 47509.64, 7059.69 47791.84, 7080.43 48073.72, 7101.17 48355.3, 7103.06 48379.74, 7407.81 48356.93, 7712.64 48334.1, 8017.04 48311.28, 8321.11 48288.52, 8346.75 48286.89, 8326.43 48005.98, 8306.41 47724.76, 8286.42 47443.21, 8266.39 47161.37, 8264.97 47137.2))",annotation,plate4_1E,[255 255   0]
198,"POLYGON ((17315.29 38797.76, 17017.01 38814.46, 16718.43 38831.55, 16419.5 38848.66, 16190.54 38861.48, 16120.2 38865.78, 16095.34 38867.29, 16110.98 39153.02, 16126.62 39438.81, 16142.25 39724.26, 16157.83 40009.41, 16159.25 40033.78, 16457.51 40016.03, 16755.73 39998.26, 17053.66 39980.5, 17351.18 39962.78, 17376.26 39961.57, 17361.02 39677.12, 17346.1 39392.35, 17331.17 39107.24, 17316.23 38821.85, 17315.29 38797.76))",annotation,plate4_10D,[  0 255   0]
200,"POLYGON ((13119.15 59228.93, 12826.97 59257.03, 12534.49 59285.48, 12241.68 59313.98, 12017.42 59335.57, 11948.53 59342.51, 11924.18 59344.96, 11941.65 59611.47, 11959.06 59878.06, 11976.49 60144.34, 11993.86 60410.33, 11995.46 60433.41, 12287.62 60404.35, 12579.74 60375.29, 12871.59 60346.25, 13163.04 60317.26, 13187.24 60315.1, 13170.55 60049.7, 13153.81 59784.01, 13137.05 59518.01, 13120.31 59251.75, 13119.15 59228.93))",annotation,plate4_2A,[255 255   0]
201,"POLYGON ((19509.39 28125.54, 19208.06 28136.01, 18906.32 28146.89, 18604.24 28157.76, 18372.91 28165.83, 18301.8 28168.65, 18276.68 28169.66, 18291.32 28465.69, 18305.97 28761.73, 18320.6 29057.47, 18335.22 29352.88, 18336.56 29378.14, 18637.89 29366.56, 18939.3 29354.96, 19240.33 29343.77, 19540.98 29332.21, 19566.29 29331.51, 19552.05 29036.87, 19538.15 28741.86, 19524.23 28446.52, 19510.29 28150.85, 19509.39 28125.54))",annotation,plate4_9B,[102   0 102]
202,"POLYGON ((9342.94 43150.84, 9037.23 43170.3, 8731.2 43190.18, 8424.83 43210.05, 8190.55 43224.99, 8118.03 43229.95, 8092.98 43231.68, 8112.84 43517.53, 8133.07 43803.38, 8153.31 44088.92, 8173.52 44374.15, 8175.37 44398.9, 8481.03 44378.36, 8786.71 44357.79, 9092.02 44337.27, 9396.97 44316.8, 9422.68 44315.33, 9402.82 44030.83, 9383.33 43745.97, 9363.85 43460.79, 9344.32 43175.29, 9342.94 43150.84))",annotation,plate4_9G,[255 255 255]
203,"POLYGON ((19188.37 21296.72, 18882.89 21303.13, 18577.06 21309.95, 18270.83 21316.38, 18036.33 21321.32, 17964.25 21323.22, 17938.78 21323.88, 17953.81 21627.64, 17968.84 21931.47, 17983.82 22234.95, 17998.85 22538.06, 18000.25 22564.37, 18305.69 22556.8, 18611.21 22549.24, 18916.3 22541.69, 19221.07 22534.15, 19246.37 22533.79, 19232.13 22231.46, 19217.83 21928.75, 19203.58 21625.7, 19189.28 21322.32, 19188.37 21296.72))",annotation,plate4_11C,[102   0 102]
204,"POLYGON ((27483.28 25181.35, 27190.09 25189.94, 26896.59 25198.93, 26602.68 25207.92, 26377.63 25214.53, 26308.47 25216.91, 26284.03 25217.76, 26293.68 25512.09, 26303.67 25806.48, 26313.69 26100.52, 26323.66 26394.25, 26324.64 26419.36, 26617.84 26409.69, 26911.05 26399.99, 27203.93 26390.32, 27496.45 26380.66, 27521.1 26380.11, 27511.79 26087.11, 27502.46 25793.79, 27493.13 25500.13, 27483.81 25206.16, 27483.28 25181.35))",annotation,plate4_4E,[128   0 128]
206,"POLYGON ((13727.05 46742.25, 13428.76 46763.55, 13130.14 46785.25, 12831.17 46806.93, 12602.6 46823.28, 12531.87 46828.68, 12507.35 46830.54, 12524.48 47109.92, 12541.99 47389.32, 12559.45 47668.39, 12576.95 47947.18, 12578.54 47971, 12876.8 47948.66, 13175.1 47926.33, 13473 47904.01, 13770.62 47881.73, 13795.71 47880.13, 13778.57 47602.02, 13761.79 47323.6, 13745 47044.85, 13728.18 46765.8, 13727.05 46742.25))",annotation,plate4_11G,[102   0 102]
207,"POLYGON ((16275.38 44015.81, 15978.72 44035.48, 15681.75 44055.55, 15384.35 44075.27, 15157.03 44090.37, 15086.65 44095.37, 15062.33 44097.11, 15078.02 44377.87, 15094.11 44658.66, 15110.19 44939.16, 15126.22 45219.31, 15127.74 45243.62, 15424.38 45222.91, 15721.05 45202.2, 16017.38 45181.51, 16313.34 45160.84, 16338.3 45159.37, 16322.53 44879.88, 16307.19 44600.06, 16291.8 44319.92, 16276.42 44039.49, 16275.38 44015.81))",annotation,plate4_5F,[102   0 102]
208,"POLYGON ((13648.77 45442.29, 13349.67 45462.88, 13050.27 45483.84, 12750.45 45504.83, 12521.25 45520.62, 12450.33 45525.84, 12425.78 45527.65, 12442.96 45808.47, 12460.56 46089.27, 12478.15 46369.81, 12495.71 46650.01, 12497.33 46674.33, 12796.4 46652.71, 13095.5 46631.07, 13394.25 46609.48, 13692.65 46587.89, 13717.8 46586.36, 13700.58 46306.83, 13683.71 46026.97, 13666.83 45746.79, 13649.96 45466.32, 13648.77 45442.29))",annotation,plate4_11A,[102   0 102]
209,"POLYGON ((9234.71 60798.84, 8938.69 60828.01, 8642.35 60857.54, 8345.66 60887.12, 8118.46 60909.5, 8048.66 60916.7, 8023.98 60919.24, 8043.6 61186.39, 8063.25 61453.55, 8082.85 61720.43, 8102.47 61987.05, 8104.27 62009.83, 8400.25 61979.69, 8696.26 61949.55, 8991.9 61919.44, 9287.26 61889.36, 9311.79 61887.14, 9292.84 61621.12, 9273.95 61354.83, 9255 61088.25, 9236.03 60821.38, 9234.71 60798.84))",annotation,plate4_9A,[255 255 255]
210,"POLYGON ((14960.63 20029.93, 14649.19 20035.64, 14337.38 20041.73, 14025.19 20047.83, 13786.1 20052.23, 13712.64 20053.96, 13686.67 20054.56, 13704.29 20362.4, 13721.93 20670.26, 13739.53 20977.78, 13757.17 21284.93, 13758.77 21311.2, 14070.21 21304.34, 14381.65 21297.47, 14692.7 21290.99, 15003.41 21284.14, 15029.21 21283.87, 15012.38 20977.49, 14995.53 20670.78, 14978.66 20363.68, 14961.77 20056.26, 14960.63 20029.93))",annotation,plate4_10C,[102   0 102]
211,"POLYGON ((10373.84 58239.2, 10077.79 58266.94, 9781.39 58295.05, 9484.71 58323.18, 9257.45 58344.5, 9187.61 58351.36, 9162.93 58353.78, 9181.63 58622.97, 9200.71 58892.16, 9219.77 59161.07, 9238.81 59429.68, 9240.56 59452.99, 9536.57 59424.25, 9832.61 59395.55, 10128.31 59366.85, 10423.67 59338.2, 10448.57 59336.04, 10430.23 59068.04, 10411.87 58799.73, 10393.53 58531.14, 10375.1 58262.26, 10373.84 58239.2))",annotation,plate4_7C,[255 255   0]
212,"POLYGON ((10206.06 55787.46, 9908.45 55813.88, 9610.51 55840.68, 9312.23 55867.52, 9084.15 55887.79, 9013.59 55894.39, 8989.16 55896.68, 9008.05 56168.52, 9027.28 56440.39, 9046.57 56711.98, 9065.76 56983.25, 9067.5 57006.44, 9365.08 56979, 9662.68 56951.58, 9959.97 56924.17, 10256.85 56896.81, 10281.89 56894.77, 10263.02 56624.15, 10244.48 56353.18, 10225.89 56081.93, 10207.34 55810.39, 10206.06 55787.46))",annotation,plate4_2H,[255 255 255]
213,"POLYGON ((16690.47 26837.02, 16384.96 26846.82, 16079.05 26856.98, 15772.74 26867.16, 15538.18 26874.68, 15466.11 26877.35, 15440.64 26878.3, 15456.62 27177.5, 15472.97 27476.71, 15489.33 27775.6, 15505.64 28074.15, 15507.16 28099.67, 15812.71 28088.77, 16118.27 28077.87, 16423.46 28066.99, 16728.28 28056.08, 16753.98 28055.46, 16738.38 27757.66, 16722.77 27459.53, 16707.15 27161.07, 16691.53 26862.27, 16690.47 26837.02))",annotation,plate4_9E,[102   0 102]
214,"POLYGON ((20600.76 21265.69, 20297.02 21272.04, 19992.95 21278.83, 19688.43 21285.22, 19455.65 21290.13, 19383.62 21292, 19358.69 21292.66, 19372.44 21595.6, 19386.62 21898.56, 19400.79 22201.21, 19414.94 22503.49, 19416.26 22529.72, 19720 22522.19, 20023.77 22514.67, 20327.15 22507.17, 20630.17 22499.65, 20655.72 22499.31, 20641.92 22197.81, 20628.5 21895.95, 20615.06 21593.74, 20601.63 21291.2, 20600.76 21265.69))",annotation,plate4_1D,[102   0 102]
215,"POLYGON ((15706 33625.31, 15402.98 33639.11, 15099.54 33653.28, 14795.81 33667.46, 14563.15 33678.08, 14491.64 33681.69, 14466.37 33682.97, 14483.13 33975.29, 14499.92 34267.64, 14516.63 34559.69, 14533.35 34851.39, 14534.9 34876.71, 14837.94 34861.83, 15141 34846.95, 15443.7 34832.08, 15746.03 34817.22, 15771.13 34816.29, 15755.15 34525.29, 15739.14 34233.96, 15723.15 33942.3, 15707.08 33650.34, 15706 33625.31))",annotation,plate4_12F,[102   0 102]
216,"POLYGON ((17767.77 19975.72, 17459.81 19981.35, 17151.48 19987.38, 16842.78 19993.42, 16606.34 19997.77, 16533.7 19999.48, 16508.02 20000.07, 16523.55 20306.21, 16539.48 20612.4, 16555.37 20918.23, 16571.29 21223.68, 16572.77 21250.2, 16880.7 21243.42, 17188.71 21236.63, 17496.27 21229.83, 17803.52 21223.04, 17829.38 21222.77, 17814.28 20918.07, 17799.13 20613.04, 17783.96 20307.64, 17768.77 20001.91, 17767.77 19975.72))",annotation,plate4_11C,[102   0 102]
217,"POLYGON ((14371.07 34983.95, 14067.14 34998.57, 13762.84 35013.57, 13458.16 35028.6, 13224.81 35039.86, 13153.12 35043.65, 13127.78 35044.99, 13145.26 35336.65, 13162.81 35628.34, 13180.31 35919.7, 13197.75 36210.74, 13199.36 36236, 13503.31 36220.29, 13807.28 36204.6, 14110.91 36188.88, 14414.11 36173.22, 14439.28 36172.2, 14422.54 35881.87, 14405.82 35591.21, 14389.04 35300.23, 14372.25 35008.93, 14371.07 34983.95))",annotation,plate4_4H,[102   0 102]
218,"POLYGON ((17975.48 51432.94, 17684.97 51456.59, 17394.11 51480.62, 17102.88 51504.7, 16879.88 51522.86, 16811.37 51528.77, 16787.15 51530.86, 16802 51802.73, 16816.89 52074.63, 16831.76 52346.25, 16846.61 52617.58, 16847.99 52641.13, 17138.51 52616.47, 17429.05 52591.79, 17719.27 52567.18, 18009.14 52542.57, 18033.58 52540.77, 18019.03 52270.1, 18004.84 51999.08, 17990.63 51727.79, 17976.44 51456.2, 17975.48 51432.94))",annotation,plate4_4B,[255 255   0]
219,"POLYGON ((27567.37 27837.64, 27275.73 27847.78, 26983.7 27858.3, 26691.38 27868.84, 26467.47 27876.64, 26398.65 27879.38, 26374.33 27880.36, 26384.26 28171.72, 26394.18 28463.14, 26404.1 28754.25, 26414 29045.03, 26414.94 29069.9, 26706.58 29058.67, 26998.3 29047.46, 27289.65 29036.26, 27580.65 29025.06, 27604.81 29024.42, 27595.59 28734.34, 27586.36 28443.94, 27577.12 28153.24, 27567.87 27862.21, 27567.37 27837.64))",annotation,plate4_3D,[128   0 128]
221,"POLYGON ((11181.46 28423.07, 10869.94 28433.91, 10557.99 28445.14, 10245.7 28456.39, 10006.9 28464.73, 9933.02 28467.66, 9907.44 28468.67, 9926.72 28769.51, 9946.41 29070.38, 9966.07 29370.86, 9985.71 29671.04, 9987.52 29697.09, 10299.02 29685.12, 10610.6 29673.15, 10921.74 29661.16, 11232.55 29649.23, 11258.72 29648.5, 11239.5 29349.11, 11220.61 29049.35, 11201.71 28749.26, 11182.78 28448.81, 11181.46 28423.07))",annotation,plate4_4G,[102   0 102]
223,"POLYGON ((11265.15 29750.14, 10954.44 29761.77, 10643.37 29773.79, 10331.91 29785.84, 10093.36 29794.78, 10020.07 29797.88, 9994.17 29798.97, 10013.75 30098.28, 10033.34 30397.62, 10052.9 30696.59, 10072.41 30995.27, 10074.21 31021.19, 10384.9 31008.42, 10695.61 30995.67, 11005.98 30982.91, 11315.9 30970.19, 11341.63 30969.43, 11322.9 30671.51, 11304.11 30373.26, 11285.29 30074.68, 11266.46 29775.76, 11265.15 29750.14))",annotation,plate4_4G,[102   0 102]
224,"POLYGON ((12417.7 48078.39, 12118.5 48100.49, 11819.05 48123, 11519.17 48145.49, 11289.93 48162.45, 11218.99 48168.02, 11194.44 48169.96, 11212.29 48448.68, 11230.5 48727.43, 11248.72 49005.87, 11266.92 49283.98, 11268.57 49307.77, 11567.7 49284.64, 11866.86 49261.49, 12165.67 49238.39, 12464.12 49215.3, 12489.28 49213.63, 12471.42 48936.18, 12453.92 48658.39, 12436.4 48380.29, 12418.89 48101.9, 12417.7 48078.39))",annotation,plate4_3A,[255 255 255]
225,"POLYGON ((17834.54 21326.2, 17527.4 21332.66, 17219.9 21339.49, 16911.99 21346.37, 16676.21 21351.35, 16603.76 21353.23, 16578.15 21353.89, 16594 21658.49, 16609.82 21963.11, 16625.68 22267.4, 16641.46 22571.32, 16642.91 22597.33, 16950.05 22589.7, 17257.21 22582.1, 17564 22574.89, 17870.4 22567.29, 17895.84 22566.98, 17880.82 22263.79, 17865.74 21960.3, 17850.62 21656.46, 17835.54 21352.25, 17834.54 21326.2))",annotation,plate4_11C,[102   0 102]
226,"POLYGON ((18038.38 52632.66, 17748.6 52656.95, 17458.44 52681.64, 17168.01 52706.34, 16945.55 52725, 16877.18 52731.07, 16853.02 52733.2, 16867.46 53003.8, 16882.27 53274.42, 16897.04 53544.73, 16911.85 53814.76, 16913.21 53837.83, 17202.99 53812.56, 17492.81 53787.27, 17782.28 53762.35, 18071.46 53737.11, 18095.84 53735.24, 18081.73 53465.83, 18067.61 53196.11, 18053.47 52926.11, 18039.31 52655.81, 18038.38 52632.66))",annotation,plate4_4B,[255 255   0]
229,"POLYGON ((11341.11 51979.64, 11042.79 52003.95, 10744.13 52028.63, 10445.1 52052.98, 10216.47 52071.63, 10145.74 52077.72, 10121.25 52079.83, 10139.6 52355.04, 10158.31 52630.28, 10177.06 52905.18, 10195.73 53179.82, 10197.44 53203.65, 10495.74 53178.34, 10794.06 53153.03, 11092.07 53127.73, 11389.66 53102.48, 11414.75 53100.61, 11396.42 52826.64, 11378.42 52552.34, 11360.39 52277.76, 11342.35 52002.86, 11341.11 51979.64))",annotation,plate4_4F,[255 255   0]
230,"POLYGON ((10240.74 35186.65, 9931.75 35201.52, 9622.42 35216.75, 9312.7 35232.05, 9075.88 35243.45, 9002.61 35247.33, 8977.28 35248.66, 8996.86 35542.63, 9016.88 35836.6, 9036.87 36130.26, 9056.8 36423.57, 9058.61 36448.66, 9367.6 36432.67, 9676.55 36416.71, 9985.19 36400.77, 10293.39 36384.85, 10319.37 36383.78, 10299.78 36091.21, 10280.58 35798.28, 10261.33 35505.03, 10242.06 35211.42, 10240.74 35186.65))",annotation,plate4_8C,[102   0 102]
231,"POLYGON ((11434.78 32448.97, 11125.81 32462.2, 10816.41 32475.8, 10506.7 32489.42, 10269.46 32499.61, 10196.58 32503.08, 10170.82 32504.3, 10190.17 32800.53, 10209.59 33096.78, 10228.92 33392.71, 10248.26 33688.29, 10250.01 33713.56, 10559 33699.23, 10868.01 33684.9, 11176.64 33670.55, 11484.89 33656.27, 11510.88 33655.34, 11491.91 33360.52, 11473.35 33065.32, 11454.73 32769.8, 11436.05 32473.94, 11434.78 32448.97))",annotation,plate4_10B,[102   0 102]
232,"POLYGON ((16688 51539.07, 16395.99 51562.84, 16103.6 51587.02, 15810.89 51611.21, 15586.74 51629.48, 15517.84 51635.43, 15493.5 51637.52, 15509.12 51910.02, 15524.75 52182.58, 15540.35 52454.84, 15555.95 52726.8, 15557.37 52750.05, 15849.36 52725.27, 16141.44 52700.48, 16433.15 52675.71, 16724.52 52651, 16749.05 52649.18, 16733.8 52377.87, 16718.88 52106.22, 16703.94 51834.28, 16688.98 51562.05, 16688 51539.07))",annotation,plate4_4B,[255 255   0]
234,"POLYGON ((23653.17 29274.83, 23357.52 29285.88, 23061.52 29297.31, 22765.2 29308.79, 22538.57 29317.29, 22468.46 29320.26, 22444.19 29321.28, 22455.98 29613.52, 22468.12 29905.77, 22480.31 30197.71, 22492.45 30489.31, 22493.58 30514.27, 22789.2 30502.1, 23084.91 30489.96, 23380.26 30478.22, 23675.2 30466.08, 23700.06 30465.35, 23688.27 30174.46, 23676.82 29883.24, 23665.35 29591.71, 23653.87 29299.83, 23653.17 29274.83))",annotation,plate4_10E,[102   0 102]
235,"POLYGON ((9979.26 31192.09, 9667.74 31204.61, 9355.82 31217.5, 9043.56 31230.06, 8804.39 31239.7, 8730.88 31243.01, 8704.91 31244.17, 8725.23 31542.67, 8745.58 31841.2, 8765.85 32139.38, 8786.13 32437.24, 8787.99 32463.09, 9099.49 32449.44, 9411.01 32435.8, 9722.15 32422.17, 10032.91 32408.57, 10058.71 32407.7, 10039.21 32110.62, 10019.69 31813.16, 10000.18 31515.38, 9980.61 31217.23, 9979.26 31192.09))",annotation,plate4_10B,[102   0 102]
237,"POLYGON ((14522.49 37616.03, 14220.17 37632.17, 13917.46 37648.69, 13614.46 37665.2, 13382.36 37677.62, 13311.03 37681.77, 13285.82 37683.23, 13303.19 37971.91, 13320.54 38260.68, 13337.82 38549.09, 13355.13 38837.19, 13356.7 38861.8, 13659.01 38844.61, 13961.34 38827.42, 14263.31 38810.21, 14564.92 38793.05, 14589.96 38791.9, 14573.39 38504.51, 14556.8 38216.79, 14540.23 37928.73, 14523.6 37640.39, 14522.49 37616.03))",annotation,plate4_12G,[102   0 102]
238,"POLYGON ((11010.95 46938.83, 10709.46 46960.36, 10407.6 46982.29, 10105.33 47003.87, 9873.89 47020.42, 9802.78 47025.83, 9777.65 47027.76, 9796.73 47308.5, 9815.85 47589.28, 9834.94 47869.78, 9854.02 48149.95, 9855.77 48174.24, 10157.26 48151.68, 10458.78 48129.1, 10759.94 48106.55, 11060.74 48084.02, 11085.72 48082.42, 11067.37 47802.9, 11049.01 47523.08, 11030.62 47242.95, 11012.24 46962.51, 11010.95 46938.83))",annotation,plate4_3A,[255 255 255]
239,"POLYGON ((20902.83 28075.75, 20603.19 28086.16, 20303.17 28096.96, 20002.79 28107.79, 19773.1 28115.8, 19702.04 28118.62, 19677.44 28119.61, 19690.84 28414.85, 19704.66 28710.09, 19718.5 29005.04, 19732.26 29299.64, 19733.53 29324.83, 20033.2 29313.31, 20332.89 29301.78, 20632.22 29290.28, 20931.2 29278.77, 20956.4 29278.09, 20942.95 28984.24, 20929.89 28690.01, 20916.76 28395.5, 20903.68 28100.63, 20902.83 28075.75))",annotation,plate4_1C,[102   0 102]
240,"POLYGON ((9866.1 50808.26, 9565.34 50832, 9264.22 50856.13, 8962.71 50880.25, 8731.83 50898.5, 8660.9 50904.45, 8635.83 50906.54, 8655.45 51183.82, 8675.11 51461.18, 8694.74 51738.19, 8714.36 52014.92, 8716.13 52038.57, 9016.88 52013.82, 9317.67 51989.07, 9618.1 51964.33, 9918.17 51939.63, 9943.09 51937.84, 9924.2 51661.75, 9905.29 51385.38, 9886.36 51108.66, 9867.44 50831.66, 9866.1 50808.26))",annotation,plate4_1G,[255 255   0]
241,"POLYGON ((19695.81 32087.48, 19396.86 32100.26, 19097.51 32113.44, 18797.86 32126.62, 18568.33 32136.46, 18497.82 32139.83, 18472.89 32141.02, 18487.29 32432.59, 18501.75 32724.2, 18516.13 33015.48, 18530.52 33306.45, 18531.87 33331.7, 18830.84 33317.83, 19129.83 33303.93, 19428.47 33290.1, 19726.74 33276.27, 19751.51 33275.38, 19737.83 32985.14, 19724.16 32694.55, 19710.46 32403.65, 19696.7 32112.41, 19695.81 32087.48))",annotation,plate4_11E,[102   0 102]
242,"POLYGON ((11688.29 36478.82, 11381.79 36494.39, 11074.98 36510.34, 10767.79 36526.33, 10532.51 36538.3, 10460.23 36542.32, 10434.68 36543.73, 10453.8 36835.38, 10472.85 37127.08, 10491.92 37418.44, 10510.93 37709.48, 10512.65 37734.37, 10819.13 37717.68, 11125.56 37701.04, 11431.69 37684.39, 11737.38 37667.78, 11762.76 37666.68, 11744.5 37376.35, 11726.19 37085.71, 11707.86 36794.72, 11689.54 36503.41, 11688.29 36478.82))",annotation,plate4_2G,[102   0 102]
244,"POLYGON ((11602.69 35119.78, 11295.36 35134.55, 10987.69 35149.73, 10679.67 35164.91, 10444.09 35176.26, 10371.22 35180.13, 10345.99 35181.46, 10364.78 35474.66, 10383.97 35767.89, 10403.13 36060.79, 10422.28 36353.35, 10424.01 36378.37, 10731.28 36362.5, 11038.63 36346.6, 11345.58 36330.73, 11652.13 36314.91, 11677.98 36313.85, 11659.23 36022.03, 11640.82 35729.84, 11622.39 35437.33, 11603.95 35144.5, 11602.69 35119.78))",annotation,plate4_8C,[102   0 102]
245,"POLYGON ((10673.71 41795.41, 10368.92 41814.07, 10063.82 41833.11, 9758.3 41852.17, 9524.73 41866.48, 9452.43 41871.25, 9427.45 41872.89, 9446.53 42159.43, 9466.04 42445.94, 9485.52 42732.14, 9504.95 43018.05, 9506.74 43042.86, 9811.53 43023.13, 10116.28 43003.39, 10420.73 42983.7, 10724.78 42964.02, 10750.41 42962.63, 10731.27 42677.46, 10712.56 42391.93, 10693.8 42106.1, 10675.05 41819.92, 10673.71 41795.41))",annotation,plate4_12D,[102   0 102]
246,"POLYGON ((17041.88 33563.52, 16740.48 33577.26, 16438.69 33591.34, 16136.53 33605.11, 15905.11 33615.66, 15834.01 33619.24, 15808.88 33620.5, 15824.81 33912.09, 15840.77 34203.7, 15856.75 34495, 15872.65 34785.98, 15874.12 34811.21, 16175.55 34796.4, 16477 34781.61, 16778.12 34766.84, 17078.81 34752.06, 17103.78 34751.11, 17088.58 34460.84, 17073.39 34170.26, 17058.13 33879.36, 17042.91 33588.12, 17041.88 33563.52))",annotation,plate4_12F,[102   0 102]
247,"POLYGON ((16477.91 22771.39, 16169.87 22778.76, 15861.46 22786.49, 15552.68 22794.24, 15316.21 22799.9, 15243.55 22801.99, 15217.87 22802.73, 15234.47 23106.58, 15251.1 23410.43, 15267.68 23713.94, 15284.28 24017.13, 15285.82 24043.04, 15593.86 24034.53, 15901.91 24026.06, 16209.55 24017.58, 16516.88 24009.08, 16542.39 24008.67, 16526.53 23706.27, 16510.71 23403.53, 16494.84 23100.45, 16478.95 22797.02, 16477.91 22771.39))",annotation,plate4_8H,[102   0 102]
248,"POLYGON ((24956.48 29224.72, 24662.42 29235.71, 24367.96 29247.1, 24073.17 29258.49, 23847.8 29266.92, 23778.06 29269.89, 23753.89 29270.91, 23764.92 29562.39, 23776.33 29853.93, 23787.7 30145.11, 23799.12 30435.99, 23800.2 30461.23, 24094.29 30449.14, 24388.41 30437.07, 24682.15 30425.01, 24975.6 30412.96, 25000.33 30412.2, 24989.26 30122.08, 24978.56 29831.59, 24967.84 29540.78, 24957.12 29249.64, 24956.48 29224.72))",annotation,plate4_10E,[102   0 102]
250,"POLYGON ((13672.1 22841.13, 13360.55 22848.55, 13048.72 22856.41, 12736.4 22863.83, 12497.66 22869.55, 12423.75 22871.69, 12398.21 22872.42, 12416.16 23177.93, 12434.47 23483.45, 12452.8 23788.63, 12471.07 24093.45, 12472.79 24119.91, 12784.29 24111.32, 13095.81 24102.74, 13406.94 24094.15, 13717.68 24085.58, 13743.88 24085.16, 13725.96 23781.12, 13708.41 23476.73, 13690.84 23171.96, 13673.28 22866.87, 13672.1 22841.13))",annotation,plate4_5B,[102   0 102]
251,"POLYGON ((19058.21 18527.18, 18751.07 18531.93, 18443.59 18537.06, 18135.67 18542.2, 17899.89 18545.87, 17827.41 18547.36, 17801.83 18547.88, 17816.98 18854.83, 17832.17 19161.82, 17847.34 19468.46, 17862.46 19774.74, 17863.89 19800.93, 18171.04 19795.04, 18478.16 19789.14, 18784.98 19783.21, 19091.38 19777.35, 19116.82 19777.14, 19102.39 19471.64, 19088.01 19165.79, 19073.58 18859.6, 19059.17 18553.04, 19058.21 18527.18))",annotation,plate4_10A,[102   0 102]
252,"POLYGON ((15263.2 25551.78, 14955.17 25560.79, 14646.81 25570.23, 14338.01 25579.69, 14101.94 25586.62, 14028.89 25589.12, 14003.61 25590, 14020.46 25891.49, 14037.75 26193.02, 14055.01 26494.21, 14072.26 26795.05, 14073.83 26820.76, 14381.85 26810.61, 14689.89 26800.41, 14997.55 26790.25, 15304.84 26780.09, 15330.74 26779.54, 15313.87 26479.47, 15297.36 26179.04, 15280.84 25878.27, 15264.33 25577.17, 15263.2 25551.78))",annotation,plate4_9E,[102   0 102]
253,"POLYGON ((22278.4 29327.58, 21981.13 29338.68, 21683.47 29350.18, 21385.47 29361.72, 21157.22 29370.26, 21087.1 29373.23, 21062.31 29374.29, 21075.25 29667.29, 21088.23 29960.34, 21101.22 30253.07, 21114.14 30545.45, 21115.34 30570.46, 21412.64 30558.25, 21709.97 30546.03, 22006.99 30534.22, 22303.58 30522.02, 22328.2 30521.29, 22315.96 30229.63, 22303.74 29937.6, 22291.45 29645.3, 22279.2 29352.63, 22278.4 29327.58))",annotation,plate4_1C,[102   0 102]
254,"POLYGON ((8714.48 33950.22, 8402.94 33964.39, 8091 33978.96, 7778.68 33993.56, 7539.87 34004.46, 7465.98 34008.18, 7440.4 34009.46, 7460.97 34305.71, 7481.96 34601.97, 7502.97 34897.9, 7523.89 35193.47, 7525.77 35218.76, 7837.33 35203.45, 8148.91 35188.16, 8460.13 35172.87, 8770.91 35157.63, 8797.11 35156.6, 8776.55 34861.79, 8756.38 34566.59, 8736.13 34271.07, 8715.92 33975.18, 8714.48 33950.22))",annotation,plate4_10H,[102   0 102]
255,"POLYGON ((11352.34 31135.53, 11042.54 31147.97, 10732.34 31160.82, 10421.77 31173.67, 10183.89 31183.24, 10110.81 31186.54, 10084.98 31187.71, 10104.07 31485.43, 10123.52 31783.2, 10143.01 32080.62, 10162.42 32377.69, 10164.17 32403.09, 10474 32389.53, 10783.83 32375.95, 11093.29 32362.38, 11402.37 32348.86, 11428.43 32348, 11409.76 32051.67, 11391.1 31754.98, 11372.39 31457.96, 11353.66 31160.62, 11352.34 31135.53))",annotation,plate4_10B,[102   0 102]
256,"POLYGON ((11901.61 60533.67, 11608.69 60562.5, 11315.46 60591.74, 11021.88 60621, 10797.42 60643.12, 10727.94 60650.29, 10703.93 60652.77, 10721.66 60918.66, 10739.76 61184.58, 10757.82 61450.22, 10775.88 61715.55, 10777.52 61738.24, 11070.4 61708.42, 11363.31 61678.59, 11655.89 61648.8, 11948.16 61619.04, 11972.77 61616.78, 11955.01 61352.07, 11937.62 61087.04, 11920.23 60821.69, 11902.8 60556.09, 11901.61 60533.67))",annotation,plate4_2A,[255 255   0]
258,"POLYGON ((14448.61 36335.95, 14145.49 36351.35, 13842.02 36367.14, 13538.19 36382.92, 13305.87 36394.74, 13233.99 36398.73, 13209.11 36400.13, 13226.11 36690.28, 13243.57 36980.46, 13260.98 37270.31, 13278.33 37559.85, 13279.91 37584.59, 13583.02 37568.12, 13886.14 37551.64, 14188.96 37535.54, 14491.33 37519.11, 14516.82 37517.99, 14499.78 37229.2, 14483.14 36940.04, 14466.46 36650.58, 14449.75 36360.78, 14448.61 36335.95))",annotation,plate4_12G,[102   0 102]
259,"POLYGON ((11093.62 27021.71, 10781.22 27031.7, 10468.39 27042.09, 10155.18 27052.12, 9915.33 27059.82, 9841.6 27062.54, 9815.55 27063.51, 9835.34 27365.93, 9855.13 27668.39, 9874.87 27970.54, 9894.65 28272.3, 9896.46 28298.47, 10208.85 28287.33, 10521.32 28276.19, 10833.33 28265.06, 11145.03 28253.93, 11170.91 28253.3, 11151.95 27952.29, 11132.96 27650.94, 11113.95 27349.23, 11094.93 27047.19, 11093.62 27021.71))",annotation,plate4_12A,[102   0 102]
260,"POLYGON ((23284.24 19869.56, 22983.05 19875.08, 22681.55 19880.99, 22379.61 19886.88, 22148.8 19891.12, 22077.37 19892.79, 22052.64 19893.38, 22064.83 20196.18, 22077.45 20499.04, 22090.04 20801.55, 22102.59 21103.72, 22103.79 21129.55, 22404.98 21122.9, 22706.19 21116.26, 23007.03 21109.61, 23307.51 21102.99, 23332.83 21102.72, 23320.56 20801.33, 23308.73 20499.58, 23296.85 20197.49, 23284.98 19895.09, 23284.24 19869.56))",annotation,plate4_7D,[102   0 102]
261,"POLYGON ((18437.63 33498.72, 18137.88 33512.35, 17837.78 33526.39, 17537.33 33540.05, 17307.56 33550.52, 17236.48 33554.1, 17211.87 33555.35, 17226.62 33846.16, 17241.75 34136.99, 17256.87 34427.53, 17271.97 34717.71, 17273.38 34742.89, 17573.09 34728.17, 17872.89 34713.46, 18172.3 34698.76, 18471.32 34684.06, 18496.53 34683.11, 18481.8 34393.63, 18467.4 34103.83, 18453.02 33813.69, 18438.56 33523.24, 18437.63 33498.72))",annotation,plate4_11H,[102   0 102]
262,"POLYGON ((8172.1 45824.45, 7866.45 45845.49, 7560.45 45866.91, 7254.12 45888.35, 7019.44 45904.54, 6947.36 45909.84, 6921.88 45911.73, 6942.35 46195.37, 6963.22 46479.05, 6984.02 46762.4, 7004.88 47045.43, 7006.75 47069.63, 7312.34 47047.54, 7618.02 47025.43, 7923.27 47003.38, 8228.22 46981.34, 8253.89 46979.73, 8233.85 46697.37, 8213.76 46414.69, 8193.64 46131.69, 8173.5 45848.36, 8172.1 45824.45))",annotation,plate4_6E,[0 0 0]
263,"POLYGON ((12863.54 32386.51, 12556.28 32399.66, 12248.66 32413.19, 11940.67 32426.74, 11705.17 32436.83, 11632.31 32440.31, 11607.09 32441.51, 11625.21 32736.93, 11643.72 33032.4, 11662.22 33327.53, 11680.66 33622.3, 11682.34 33647.51, 11989.58 33633.26, 12296.85 33619.01, 12603.77 33604.76, 12910.25 33590.55, 12936.1 33589.63, 12918.02 33295.59, 12900.28 33001.19, 12882.52 32706.46, 12864.74 32411.41, 12863.54 32386.51))",annotation,plate4_2E,[102   0 102]
264,"POLYGON ((10502.8 39185.66, 10196.33 39202.83, 9889.57 39220.38, 9582.41 39237.97, 9347.54 39251.13, 9274.84 39255.55, 9249.72 39257.07, 9269.03 39546.54, 9288.71 39835.98, 9308.39 40125.11, 9328.06 40413.94, 9329.83 40438.62, 9636.25 40420.38, 9942.69 40402.13, 10248.76 40383.9, 10554.46 40365.67, 10580.23 40364.43, 10560.93 40076.32, 10542 39787.9, 10523.08 39499.15, 10504.11 39210.07, 10502.8 39185.66))",annotation,plate4_8G,[  0 255   0]
266,"POLYGON ((11256.99 50697.27, 10957.85 50720.87, 10658.38 50744.86, 10358.56 50768.87, 10129.3 50786.97, 10058.38 50792.9, 10033.83 50794.96, 10052.27 51071.57, 10071.08 51348.24, 10089.89 51624.55, 10108.72 51900.58, 10110.41 51924.17, 10409.49 51899.57, 10708.66 51874.93, 11007.42 51850.34, 11305.85 51825.78, 11331.01 51823.96, 11312.58 51548.59, 11294.46 51272.92, 11276.37 50996.89, 11258.23 50720.6, 11256.99 50697.27))",annotation,plate4_7F,[255 255 255]
267,"POLYGON ((14395.57 57859.13, 14104.25 57886.43, 13812.54 57914.09, 13520.53 57941.43, 13297.26 57962.38, 13228.18 57969.16, 13204.23 57971.52, 13220.61 58238.77, 13237.36 58506.02, 13254.09 58772.98, 13270.81 59039.68, 13272.35 59062.82, 13563.68 59034.54, 13855.04 59006.29, 14146.07 58978.05, 14436.76 58949.84, 14461.26 58947.74, 14444.86 58681.66, 14428.84 58415.29, 14412.77 58148.61, 14396.65 57881.69, 14395.57 57859.13))",annotation,plate4_3F,[255 255   0]
269,"POLYGON ((16203.94 42707.53, 15906.47 42726.48, 15608.7 42745.8, 15310.51 42765.18, 15082.19 42779.74, 15012 42784.55, 14987.24 42786.24, 15003.38 43068.44, 15019.56 43350.66, 15035.73 43632.59, 15051.84 43914.2, 15053.34 43938.29, 15350.79 43918.27, 15648.26 43898.29, 15945.39 43878.3, 16242.16 43858.38, 16266.8 43856.98, 16251.33 43576.04, 16235.91 43294.77, 16220.44 43013.21, 16204.99 42731.31, 16203.94 42707.53))",annotation,plate4_8D,[  0 255   0]
270,"POLYGON ((13801.41 47974.89, 13503.89 47996.87, 13206.04 48019.24, 12907.84 48041.62, 12679.45 48058.51, 12609.28 48064.03, 12584.48 48065.99, 12601.91 48343.96, 12619.3 48622.01, 12636.74 48899.72, 12654.13 49177.17, 12655.7 49200.87, 12953.17 49177.86, 13250.72 49154.85, 13547.86 49131.88, 13844.68 49108.91, 13869.33 49107.29, 13852.68 48830.49, 13835.98 48553.41, 13819.27 48276.02, 13802.53 47998.34, 13801.41 47974.89))",annotation,plate4_11G,[102   0 102]
271,"POLYGON ((11742.85 58109.74, 11448.4 58137.32, 11153.63 58165.28, 10858.52 58193.26, 10632.49 58214.46, 10563.06 58221.29, 10538.52 58223.7, 10556.77 58492.18, 10575.08 58760.72, 10593.34 59028.97, 10611.56 59296.92, 10613.23 59320.18, 10907.68 59291.6, 11202.09 59263.05, 11496.23 59234.51, 11789.96 59206.02, 11814.35 59203.9, 11796.8 58936.55, 11779.26 58668.91, 11761.68 58400.95, 11744.07 58132.74, 11742.85 58109.74))",annotation,plate4_1B,[255 255   0]
272,"POLYGON ((11009.06 25680.75, 10695.77 25689.96, 10382.16 25699.54, 10068.08 25709.14, 9827.99 25716.22, 9753.69 25718.77, 9727.97 25719.64, 9747.43 26023.64, 9767.32 26327.66, 9787.19 26631.29, 9807.04 26934.63, 9808.83 26960.55, 10122.1 26950.19, 10435.38 26939.86, 10748.28 26929.51, 11060.79 26919.2, 11087.14 26918.62, 11067.68 26616.07, 11048.6 26313.21, 11029.49 26009.96, 11010.4 25706.37, 11009.06 25680.75))",annotation,plate4_12A,[102   0 102]
273,"POLYGON ((10155.53 33883.3, 9845.69 33897.39, 9535.52 33911.88, 9224.97 33926.4, 8987.12 33937.24, 8914.05 33940.93, 8888.22 33942.23, 8908.33 34237.64, 8928.45 34533.11, 8948.54 34828.24, 8968.57 35123.01, 8970.39 35148.23, 9280.21 35133.01, 9589.99 35117.79, 9899.45 35102.61, 10208.48 35087.45, 10234.14 35086.45, 10214.87 34792.4, 10195.55 34498, 10176.2 34203.26, 10156.83 33908.19, 10155.53 33883.3))",annotation,plate4_8C,[102   0 102]
274,"POLYGON ((15330.17 51650.91, 15036.53 51674.81, 14742.58 51699.11, 14448.28 51723.43, 14222.88 51741.8, 14153.63 51747.77, 14129.15 51749.88, 14145.19 52023.11, 14161.56 52296.34, 14177.96 52569.27, 14194.36 52841.92, 14195.85 52865.23, 14489.43 52840.31, 14783.1 52815.38, 15076.36 52790.48, 15369.32 52765.63, 15394.02 52763.81, 15378.36 52491.77, 15362.66 52219.46, 15346.91 51946.85, 15331.21 51673.93, 15330.17 51650.91))",annotation,plate4_7G,[255 255   0]
275,"POLYGON ((23391.65 22599.62, 23092.07 22606.79, 22792.14 22614.31, 22491.85 22621.84, 22261.86 22627.34, 22191.19 22629.38, 22166.21 22630.12, 22178.31 22929.83, 22190.79 23229.59, 22203.23 23529.02, 22215.69 23828.11, 22216.88 23853.67, 22516.43 23845.41, 22816.06 23837.15, 23115.28 23829.27, 23414.19 23821.03, 23439.35 23820.62, 23427.65 23522.28, 23415.87 23223.62, 23404.14 22924.63, 23392.37 22625.28, 23391.65 22599.62))",annotation,plate4_3E,[102   0 102]
276,"POLYGON ((12811.89 54347.31, 12516.67 54372.81, 12221.13 54398.68, 11925.21 54424.61, 11699 54444.18, 11629 54450.56, 11604.77 54452.77, 11622.18 54724.61, 11639.94 54996.47, 11657.71 55268.05, 11675.46 55539.32, 11677.09 55562.86, 11972.28 55536.36, 12267.5 55509.84, 12562.38 55483.37, 12856.91 55456.92, 12881.74 55454.96, 12864.34 55184.34, 12847.27 54913.36, 12830.15 54642.13, 12813.07 54370.59, 12811.89 54347.31))",annotation,plate4_5D,[255 255   0]
277,"POLYGON ((17179.33 36194.6, 16879.5 36209.84, 16579.29 36225.45, 16278.79 36241.06, 16048.61 36252.8, 15977.87 36256.73, 15952.87 36258.12, 15968.67 36546.75, 15984.5 36835.44, 16000.26 37123.77, 16016.02 37411.81, 16017.48 37436.79, 16317.3 37420.51, 16617.14 37404.21, 16916.63 37387.91, 17215.75 37371.65, 17240.59 37370.58, 17225.54 37083.24, 17210.48 36795.59, 17195.43 36507.61, 17180.34 36219.31, 17179.33 36194.6))",annotation,plate4_11D,[102   0 102]
278,"POLYGON ((10292.07 57045.71, 9995.29 57072.8, 9698.16 57100.29, 9400.68 57127.79, 9173.22 57148.57, 9102.85 57155.34, 9078.49 57157.67, 9097.24 57428.14, 9116.42 57698.64, 9135.6 57968.85, 9154.7 58238.75, 9156.45 58262.17, 9453.22 58234.07, 9750.03 58205.98, 10046.52 58177.92, 10342.6 58149.9, 10367.57 58147.77, 10348.76 57878.54, 10330.35 57608.93, 10311.85 57339.05, 10293.4 57068.87, 10292.07 57045.71))",annotation,plate4_7C,[255 255   0]
279,"POLYGON ((7141.72 31308.49, 6826.69 31321.12, 6511.31 31334.19, 6195.53 31347.27, 5954.06 31356.99, 5879.36 31360.35, 5853.5 31361.52, 5875.13 31661.63, 5897.24 31961.76, 5919.29 32261.58, 5941.28 32561.01, 5943.29 32586.99, 6258.33 32573.2, 6573.31 32559.39, 6887.98 32545.63, 7202.18 32531.86, 7228.68 32530.98, 7207.05 32232.31, 7185.83 31933.26, 7164.55 31633.88, 7143.24 31334.15, 7141.72 31308.49))",annotation,plate4_3H,[102   0 102]
280,"POLYGON ((11665.02 56919.14, 11369.79 56946.08, 11074.27 56973.4, 10778.4 57000.77, 10551.79 57021.48, 10482.18 57028.16, 10457.58 57030.52, 10475.57 57300.33, 10493.91 57570.16, 10512.29 57839.71, 10530.62 58108.95, 10532.31 58132.31, 10827.44 58104.36, 11122.67 58076.43, 11417.53 58048.52, 11712.01 58020.64, 11736.84 58018.55, 11719.24 57749.92, 11701.58 57480.98, 11683.91 57211.75, 11666.22 56942.24, 11665.02 56919.14))",annotation,plate4_1B,[255 255   0]
281,"POLYGON ((23443.36 23921.88, 23144.55 23929.82, 22845.41 23938.14, 22545.86 23946.44, 22316.5 23952.54, 22246.02 23954.77, 22221.11 23955.56, 22233.53 24253.78, 22245.91 24552.06, 22258.32 24849.98, 22270.71 25147.58, 22271.86 25173.02, 22570.67 25163.98, 22869.49 25154.95, 23167.96 25145.91, 23466.06 25136.89, 23491.19 25136.43, 23479.16 24839.58, 23467.44 24542.4, 23455.74 24244.86, 23444.05 23947.03, 23443.36 23921.88))",annotation,plate4_3E,[102   0 102]
282,"POLYGON ((13907.44 26928.86, 13598.44 26938.75, 13289.15 26949.04, 12979.45 26959.32, 12742.63 26966.91, 12669.36 26969.63, 12644 26970.57, 12661.67 27271.37, 12679.7 27572.23, 12697.75 27872.71, 12715.81 28172.87, 12717.44 28198.52, 13026.37 28187.5, 13335.37 28176.48, 13643.93 28165.46, 13952.14 28154.47, 13978.13 28153.83, 13960.51 27854.44, 13943.19 27554.72, 13925.93 27254.63, 13908.61 26954.21, 13907.44 26928.86))",annotation,plate4_5C,[102   0 102]
283,"POLYGON ((20722.25 23996.82, 20420.14 24004.83, 20117.68 24013.23, 19814.85 24021.65, 19582.91 24027.82, 19511.65 24030.07, 19486.46 24030.86, 19500.11 24330.7, 19514.15 24630.58, 19528.13 24930.1, 19542.17 25229.3, 19543.46 25254.88, 19845.54 25245.72, 20147.7 25236.6, 20449.43 25227.48, 20750.86 25218.35, 20776.23 25217.87, 20762.99 24919.42, 20749.7 24620.66, 20736.4 24321.53, 20723.08 24022.07, 20722.25 23996.82))",annotation,plate4_3G,[102   0 102]
284,"POLYGON ((15559.71 30962.44, 15255.02 30974.7, 14949.97 30987.3, 14644.56 30999.94, 14411.02 31009.36, 14338.77 31012.63, 14313.76 31013.75, 14330.29 31309.09, 14347.2 31604.47, 14364.14 31899.5, 14381 32194.2, 14382.54 32219.4, 14687.22 32206.06, 14991.93 32192.71, 15296.26 32179.39, 15600.23 32166.08, 15625.85 32165.21, 15609.35 31871.26, 15593.18 31576.96, 15576.96 31282.31, 15560.79 30987.33, 15559.71 30962.44))",annotation,plate4_1F,[102   0 102]
285,"POLYGON ((21883.75 19896.55, 21580.85 19902.1, 21277.59 19908.03, 20973.97 19913.96, 20741.45 19918.24, 20669.97 19919.92, 20644.72 19920.51, 20658.16 20224.15, 20671.61 20527.85, 20685.01 20831.21, 20698.43 21134.21, 20699.7 21160.12, 21002.57 21153.44, 21305.52 21146.76, 21608.04 21140.07, 21910.25 21133.41, 21935.34 21133.13, 21922.62 20830.91, 21909.93 20528.32, 21897.25 20225.39, 21884.53 19922.14, 21883.75 19896.55))",annotation,plate4_1D,[102   0 102]
286,"POLYGON ((11091.94 48177.3, 10791.23 48199.51, 10490.13 48222.13, 10188.7 48244.75, 9958.25 48261.8, 9886.95 48267.41, 9862.23 48269.36, 9880.87 48548.75, 9899.89 48828.17, 9918.86 49107.29, 9937.87 49386.09, 9939.61 49410.27, 10240.32 49387.03, 10541.06 49363.78, 10841.4 49340.54, 11141.46 49317.34, 11166.75 49315.64, 11148.11 49037.51, 11129.83 48759.07, 11111.53 48480.29, 11093.22 48201.22, 11091.94 48177.3))",annotation,plate4_3A,[255 255 255]
287,"POLYGON ((19317.08 24035.45, 19013.22 24043.51, 18709.07 24051.95, 18404.49 24060.43, 18171.65 24066.62, 18099.6 24068.89, 18074.66 24069.69, 18089.14 24370.35, 18103.99 24671.05, 18118.85 24971.41, 18133.69 25271.4, 18135.06 25297.08, 18438.88 25287.88, 18742.72 25278.69, 19046.19 25269.51, 19349.29 25260.34, 19374.84 25259.84, 19360.38 24960.62, 19346.23 24660.99, 19332.1 24361.06, 19317.98 24060.79, 19317.08 24035.45))",annotation,plate4_plate4_2F,[102   0 102]
288,"POLYGON ((17846.08 48954.8, 17554 48977.13, 17261.66 48999.84, 16968.93 49022.21, 16744.74 49039.36, 16675.87 49044.97, 16651.52 49046.95, 16666.55 49321.49, 16681.55 49596.1, 16696.57 49870.41, 16711.57 50144.39, 16712.99 50168.16, 17004.99 50144.86, 17297.08 50121.51, 17588.77 50098.21, 17880.14 50074.92, 17904.34 50073.25, 17890.02 49799.87, 17875.69 49526.2, 17861.37 49252.22, 17847.01 48977.96, 17846.08 48954.8))",annotation,plate4_4A,[255 255   0]
289,"POLYGON ((14967.32 45350.57, 14669.76 45371.07, 14371.92 45391.91, 14073.69 45412.45, 13845.66 45428.16, 13775.08 45433.36, 13750.69 45435.15, 13767.13 45715.27, 13783.93 45995.41, 13800.73 46275.25, 13817.52 46554.77, 13819.1 46579.02, 14116.58 46557.5, 14414.12 46536, 14711.3 46514.53, 15008.14 46493.04, 15033.16 46491.51, 15016.71 46212.66, 15000.61 45933.47, 14984.53 45654.01, 14968.4 45374.21, 14967.32 45350.57))",annotation,plate4_11A,[102   0 102]
290,"POLYGON ((13419.45 41625.1, 13117.96 41643.54, 12816.14 41662.37, 12513.95 41681.24, 12282.54 41695.42, 12211.38 41700.12, 12186.28 41701.78, 12204.14 41986.81, 12222 42271.85, 12239.82 42556.63, 12257.64 42841.05, 12259.26 42865.37, 12560.72 42845.86, 12862.21 42826.34, 13163.34 42806.86, 13464.13 42787.38, 13489.08 42786.04, 13471.98 42502.3, 13454.86 42218.21, 13437.76 41933.84, 13420.6 41649.13, 13419.45 41625.1))",annotation,plate4_12C,[  0 255   0]
291,"POLYGON ((12966.39 56799.39, 12672.74 56826.22, 12378.71 56853.39, 12084.4 56880.61, 11858.96 56901.21, 11789.68 56907.86, 11765.2 56910.2, 11782.44 57179.39, 11800.05 57448.58, 11817.65 57717.5, 11835.23 57986.12, 11836.82 58009.09, 12130.47 57981.28, 12424.15 57953.49, 12717.46 57925.73, 13010.49 57897.98, 13035.19 57895.91, 13018.31 57627.89, 13001.4 57359.58, 12984.51 57090.99, 12967.53 56822.1, 12966.39 56799.39))",annotation,plate4_1B,[255 255   0]
292,"POLYGON ((11176.79 49470.75, 10876.9 49493.69, 10576.62 49517, 10276.02 49540.35, 10045.81 49557.97, 9975.05 49563.71, 9950.05 49565.75, 9968.98 49843.69, 9987.9 50121.68, 10006.78 50399.35, 10025.69 50676.75, 10027.4 50700.45, 10327.26 50676.49, 10627.2 50652.54, 10926.73 50628.61, 11225.97 50604.69, 11250.81 50602.98, 11232.65 50326.22, 11214.43 50049.21, 11196.26 49771.86, 11178.03 49494.21, 11176.79 49470.75))",annotation,plate4_7F,[255 255 255]
293,"POLYGON ((11824.51 59354.68, 11530.85 59382.91, 11236.87 59411.51, 10942.55 59440.16, 10717.13 59461.86, 10647.89 59468.84, 10623.44 59471.31, 10641.6 59738.44, 10659.79 60005.63, 10677.93 60272.53, 10696.08 60539.14, 10697.73 60561.94, 10991.38 60532.71, 11285.01 60503.51, 11578.35 60474.67, 11871.36 60445.51, 11895.66 60443.36, 11878.2 60177.33, 11860.75 59911.02, 11843.25 59644.45, 11825.73 59377.56, 11824.51 59354.68))",annotation,plate4_2A,[255 255   0]
294,"POLYGON ((12538.15 26974.09, 12227.53 26984.04, 11916.51 26994.37, 11605.06 27004.35, 11366.98 27011.99, 11293.31 27014.7, 11267.81 27015.64, 11286.28 27317.25, 11305.18 27618.88, 11324.07 27920.17, 11342.93 28221.11, 11344.66 28247.21, 11655.3 28236.14, 11965.95 28225.06, 12276.23 28213.99, 12586.12 28202.93, 12612.25 28202.29, 12593.76 27902.1, 12575.69 27601.6, 12557.53 27300.72, 12539.41 26999.52, 12538.15 26974.09))",annotation,plate4_5C,[102   0 102]
295,"POLYGON ((10123.89 54582.07, 9825.51 54607.86, 9526.8 54634.01, 9227.77 54660.19, 8998.69 54680.02, 8928.33 54686.43, 8903.46 54688.68, 8922.82 54961.83, 8942.15 55235.01, 8961.52 55507.9, 8980.84 55780.48, 8982.59 55803.79, 9280.9 55777.01, 9579.31 55750.23, 9877.34 55723.45, 10174.98 55696.74, 10199.7 55694.78, 10181.13 55422.81, 10162.5 55150.54, 10143.85 54877.98, 10125.18 54605.11, 10123.89 54582.07))",annotation,plate4_2H,[255 255 255]
296,"POLYGON ((13339.58 40298.75, 13037.26 40316.45, 12734.61 40334.53, 12431.59 40352.64, 12199.54 40366.25, 12128.21 40370.77, 12103.04 40372.36, 12120.97 40658.87, 12138.93 40945.42, 12156.83 41231.64, 12174.75 41517.54, 12176.38 41541.99, 12478.7 41523.22, 12780.98 41504.46, 13082.96 41486.07, 13384.58 41467.34, 13410.01 41466.03, 13392.4 41180.84, 13375.23 40895.29, 13358.01 40609.46, 13340.76 40323.26, 13339.58 40298.75))",annotation,plate4_6B,[  0 255   0]
297,"POLYGON ((15336.35 26881.79, 15029.17 26891.59, 14721.57 26901.84, 14413.63 26912.07, 14177.8 26919.62, 14105.3 26922.3, 14079.69 26923.26, 14096.49 27223.23, 14113.69 27523.26, 14130.84 27822.91, 14148.03 28122.25, 14149.59 28147.83, 14456.79 28136.89, 14764.01 28125.9, 15070.82 28114.96, 15377.32 28104.02, 15403.16 28103.39, 15386.76 27804.81, 15370.34 27505.91, 15353.9 27206.63, 15337.44 26907.05, 15336.35 26881.79))",annotation,plate4_9E,[102   0 102]
298,"POLYGON ((15612.22 56555.36, 15321.62 56581.9, 15030.7 56608.79, 14739.44 56635.72, 14516.38 56656.12, 14447.85 56662.69, 14423.63 56665.03, 14439.71 56932.88, 14455.77 57200.79, 14471.88 57468.42, 14487.94 57735.75, 14489.4 57758.61, 14779.94 57731.11, 15070.58 57703.59, 15360.82 57676.14, 15650.75 57648.69, 15674.83 57646.66, 15659.48 57379.92, 15644.08 57112.88, 15628.67 56845.57, 15613.24 56577.96, 15612.22 56555.36))",annotation,plate4_3F,[255 255   0]
299,"POLYGON ((18173.85 28173.37, 17870.86 28183.9, 17567.53 28194.83, 17263.82 28205.77, 17031.21 28213.89, 16959.75 28216.73, 16934.49 28217.73, 16949.94 28514.53, 16965.38 28811.35, 16980.81 29107.86, 16996.19 29404.02, 16997.6 29429.34, 17300.58 29417.7, 17603.58 29406.04, 17906.24 29394.39, 18208.47 29382.79, 18233.95 29382.09, 18218.92 29086.68, 18204.23 28790.91, 18189.52 28494.82, 18174.8 28198.37, 18173.85 28173.37))",annotation,plate4_9B,[102   0 102]
301,"POLYGON ((13192.94 60405.19, 12901.52 60433.92, 12609.79 60462.97, 12317.72 60492.09, 12094.43 60514.11, 12025.31 60521.23, 12001.42 60523.69, 12018.38 60788.99, 12035.74 61054.3, 12053.08 61319.3, 12070.37 61584.05, 12071.97 61607.02, 12363.38 61577.34, 12654.77 61547.67, 12945.88 61518.03, 13236.6 61488.42, 13261.14 61486.18, 13244.1 61222.07, 13227.47 60957.64, 13210.79 60692.91, 13194.12 60427.92, 13192.94 60405.19))",annotation,plate4_2A,[255 255   0]
302,"POLYGON ((28799.18 23774.78, 28506.83 23782.54, 28214.15 23790.67, 27921.11 23798.43, 27697.05 23804.4, 27627.72 23806.59, 27603.72 23807.34, 27612.64 24102.42, 27621.93 24397.53, 27631.17 24692.3, 27640.47 24986.74, 27641.37 25012.28, 27933.69 25003.46, 28226.1 24994.62, 28518.09 24985.77, 28809.8 24976.95, 28834.35 24976.48, 28825.43 24682.76, 28816.8 24388.74, 28808.23 24094.36, 28799.62 23799.64, 28799.18 23774.78))",annotation,plate4_3C,[102   0 102]
303,"POLYGON ((9519.43 45730.38, 9215.42 45751.29, 8911.02 45772.62, 8606.28 45793.96, 8372.91 45810.04, 8301.21 45815.32, 8275.86 45817.19, 8295.49 46100.14, 8315.55 46383.11, 8335.59 46665.79, 8355.56 46948.13, 8357.4 46972.26, 8661.41 46950.29, 8965.44 46928.28, 9269.1 46906.33, 9572.41 46884.41, 9597.98 46882.84, 9578.71 46601.15, 9559.42 46319.16, 9540.1 46036.86, 9520.76 45754.23, 9519.43 45730.38))",annotation,plate4_6E,[0 0 0]
304,"POLYGON ((11420.9 53193.98, 11123.35 53218.93, 10825.43 53244.26, 10527.2 53269.28, 10298.78 53288.46, 10228.61 53294.67, 10203.81 53296.88, 10222.42 53570.71, 10241.1 53844.62, 10259.7 54118.19, 10278.31 54391.51, 10280.01 54415.23, 10577.57 54389.25, 10875.1 54363.29, 11172.3 54337.36, 11469.16 54311.44, 11493.81 54309.56, 11475.91 54036.89, 11458.03 53763.9, 11440.09 53490.64, 11422.13 53217.07, 11420.9 53193.98))",annotation,plate4_4F,[255 255   0]
306,"POLYGON ((10623.75 61903.14, 10330.01 61932.81, 10035.98 61962.83, 9741.58 61992.56, 9516.5 62015.3, 9446.86 62022.66, 9422.79 62025.19, 9441.18 62290.41, 9459.98 62555.64, 9478.76 62820.57, 9497.48 63085.24, 9499.2 63108.2, 9792.91 63077.57, 10086.59 63046.95, 10379.99 63016.36, 10672.99 62985.8, 10697.7 62983.49, 10679.29 62719.43, 10661.2 62455.09, 10643.09 62190.45, 10624.97 61925.54, 10623.75 61903.14))",annotation,plate4_7B,[255 255 255]
307,"POLYGON ((23602.51 27979.18, 23306.12 27989.46, 23009.33 28000.16, 22712.24 28010.88, 22484.69 28018.8, 22414.74 28021.6, 22390.03 28022.58, 22402.26 28316.23, 22414.49 28609.95, 22426.7 28903.34, 22438.91 29196.36, 22440.06 29221.8, 22736.44 29210.41, 23032.92 29199.03, 23329 29187.63, 23624.73 29176.25, 23649.28 29175.58, 23637.78 28883.25, 23626.27 28590.6, 23614.74 28297.61, 23603.21 28004.31, 23602.51 27979.18))",annotation,plate4_10E,[102   0 102]
308,"POLYGON ((26183.96 25220.83, 25889.25 25229.47, 25594.12 25238.5, 25298.68 25247.53, 25072.43 25254.2, 25002.88 25256.59, 24978.3 25257.43, 24988.7 25552.54, 24999.48 25847.67, 25010.22 26142.47, 25021.01 26436.96, 25022.02 26462.14, 25316.78 26452.4, 25611.56 26442.67, 25905.95 26432.92, 26200.05 26423.2, 26224.84 26422.67, 26214.78 26128.91, 26204.71 25834.84, 26194.63 25540.42, 26184.53 25245.7, 26183.96 25220.83))",annotation,plate4_4E,[128   0 128]
309,"POLYGON ((9954.01 52093.88, 9654.07 52118.32, 9353.74 52143.14, 9053.12 52167.98, 8822.84 52186.76, 8752.1 52192.86, 8727.1 52195, 8746.62 52470.88, 8766.18 52746.8, 8785.71 53022.42, 8805.23 53297.74, 8806.99 53321.28, 9106.92 53295.82, 9406.89 53270.37, 9706.5 53244.93, 10005.75 53219.54, 10030.61 53217.7, 10011.81 52943.02, 9993.03 52668.02, 9974.16 52392.75, 9955.31 52117.17, 9954.01 52093.88))",annotation,plate4_8B,[255 255 255]
311,"POLYGON ((12457.92 25636.86, 12146.43 25646.01, 11834.57 25655.54, 11522.3 25665.09, 11283.18 25672.14, 11209.71 25674.66, 11183.74 25675.54, 11202.74 25978.66, 11221.71 26281.85, 11240.71 26584.64, 11259.64 26887.12, 11261.35 26912.96, 11572.83 26902.7, 11884.33 26892.41, 12195.44 26882.12, 12506.16 26871.86, 12531.96 26871.29, 12513.82 26569.58, 12495.62 26267.56, 12477.36 25965.14, 12459.16 25662.41, 12457.92 25636.86))",annotation,plate4_5C,[102   0 102]
312,"POLYGON ((23548.74 26610.81, 23251.51 26620.32, 22953.95 26630.21, 22656.03 26640.11, 22428.26 26647.41, 22357.77 26650.02, 22333.34 26650.93, 22345.25 26946.13, 22357.55 27241.38, 22369.8 27536.3, 22382.1 27830.88, 22383.25 27856.45, 22680.48 27845.83, 22977.72 27835.22, 23274.57 27824.63, 23571.14 27814.05, 23596.13 27813.43, 23584.2 27519.6, 23572.62 27225.41, 23561.04 26930.91, 23549.44 26636.06, 23548.74 26610.81))",annotation,plate4_2D,[102   0 102]
316,"POLYGON ((12732.64 53082.66, 12436.63 53107.49, 12140.29 53132.69, 11843.6 53157.92, 11616.37 53177.02, 11546.56 53183.2, 11521.89 53185.38, 11539.39 53458.62, 11557.24 53731.86, 11575.13 54004.79, 11592.97 54277.44, 11594.59 54300.75, 11890.54 54274.93, 12186.59 54249.09, 12482.22 54223.29, 12777.55 54197.52, 12802.45 54195.6, 12785.34 53923.56, 12768.18 53651.25, 12751 53378.64, 12733.81 53105.7, 12732.64 53082.66))",annotation,plate4_4F,[255 255   0]
318,"POLYGON ((17779.23 47677.16, 17486.4 47698.78, 17193.25 47720.77, 16899.75 47742.83, 16675 47759.45, 16605.91 47764.89, 16581.5 47766.81, 16596.6 48042.75, 16611.71 48318.74, 16626.77 48594.44, 16641.85 48869.82, 16643.26 48893.38, 16936.04 48870.72, 17228.9 48848.07, 17521.39 48825.82, 17813.57 48803.2, 17838.17 48801.59, 17823.41 48526.85, 17809 48251.78, 17794.62 47976.43, 17780.18 47700.78, 17779.23 47677.16))",annotation,plate4_11F,[102   0 102]
319,"POLYGON ((20124.57 41208.22, 19831.04 41226.18, 19537.21 41244.51, 19243.07 41262.88, 19017.73 41276.68, 18948.52 41281.25, 18924.05 41282.88, 18938.01 41564.31, 18951.9 41845.82, 18965.82 42126.99, 18979.71 42407.88, 18981.01 42432.25, 19274.5 42413.26, 19568.01 42394.25, 19861.18 42375.29, 20153.96 42356.33, 20178.28 42355.03, 20165.1 42074.82, 20151.88 41794.27, 20138.67 41513.45, 20125.42 41232.32, 20124.57 41208.22))",annotation,plate4_6H,[  0 255   0]
320,"POLYGON ((9888.15 29803.09, 9575.74 29814.77, 9262.94 29826.87, 8949.82 29838.97, 8709.96 29847.96, 8636.27 29851.08, 8610.23 29852.19, 8630.66 30152.27, 8651.09 30452.38, 8671.46 30752.17, 8691.85 31051.62, 8693.69 31077.22, 9006.12 31064.4, 9318.49 31051.56, 9630.51 31038.73, 9942.15 31025.94, 9968.03 31025.17, 9948.42 30726.48, 9928.83 30427.45, 9909.18 30128.09, 9889.51 29828.38, 9888.15 29803.09))",annotation,plate4_4G,[102   0 102]
321,"POLYGON ((9708.94 27067.04, 9394.79 27077.11, 9080.27 27087.55, 8765.37 27098.02, 8524.17 27105.77, 8450.07 27108.52, 8423.88 27109.48, 8444.52 27412.71, 8465.14 27716, 8485.79 28018.9, 8506.36 28321.46, 8508.24 28347.72, 8822.38 28336.53, 9136.53 28325.33, 9450.32 28314.11, 9763.66 28302.93, 9789.68 28302.3, 9769.9 28000.49, 9750.07 27698.35, 9730.22 27395.82, 9710.34 27093, 9708.94 27067.04))",annotation,plate4_12A,[102   0 102]
323,"POLYGON ((8801.67 54697.62, 8501.73 54723.52, 8201.45 54749.8, 7900.83 54776.15, 7670.58 54796.06, 7599.85 54802.5, 7574.85 54804.79, 7594.95 55078.57, 7615.13 55352.4, 7635.25 55625.94, 7655.31 55899.17, 7657.13 55922.55, 7957.06 55895.59, 8256.97 55868.68, 8556.58 55841.8, 8855.78 55814.93, 8880.63 55812.95, 8861.25 55540.36, 8841.88 55267.42, 8822.46 54994.21, 8803.02 54720.7, 8801.67 54697.62))",annotation,plate4_2H,[255 255 255]
324,"POLYGON ((27354.51 21116.87, 27058.99 21123.07, 26763.13 21129.65, 26466.9 21136.26, 26240.06 21141.04, 26170.32 21142.87, 26145.68 21143.52, 26155.48 21442.4, 26165.66 21741.32, 26175.8 22039.94, 26185.96 22338.19, 26186.95 22363.69, 26482.48 22356.38, 26778.03 22349.03, 27073.21 22342.12, 27368.08 22334.81, 27392.93 22334.49, 27383.47 22036.97, 27373.98 21739.13, 27364.53 21440.94, 27355.04 21142.44, 27354.51 21116.87))",annotation,plate4_11B,[102   0 102]
325,"POLYGON ((12291.88 22875.1, 11978.69 22882.57, 11665.07 22890.44, 11351.09 22898.33, 11110.64 22904.09, 11036.72 22906.22, 11010.61 22906.96, 11029.4 23213.29, 11048.6 23519.63, 11067.75 23825.63, 11086.93 24131.28, 11088.69 24157.79, 11401.91 24149.16, 11715.13 24140.53, 12027.94 24131.91, 12340.42 24123.28, 12366.76 24122.85, 12348.39 23817.97, 12330 23512.79, 12311.59 23207.22, 12293.16 22901.3, 12291.88 22875.1))",annotation,plate4_5B,[102   0 102]
326,"POLYGON ((18039.8 25467.52, 17735.21 25476.46, 17430.19 25485.79, 17124.84 25495.13, 16891 25502, 16819.11 25504.46, 16793.71 25505.33, 16809.32 25805.21, 16824.92 26105.11, 16840.51 26404.66, 16856.08 26703.9, 16857.51 26729.48, 17162.1 26719.42, 17466.77 26709.36, 17771.02 26699.68, 18074.96 26689.64, 18100.19 26689.1, 18085.36 26390.62, 18070.52 26091.81, 18055.66 25792.67, 18040.78 25493.17, 18039.8 25467.52))",annotation,plate4_5A,[102   0 102]
328,"POLYGON ((16547.78 24111.7, 16240.56 24119.86, 15932.98 24128.42, 15625.02 24136.95, 15389.54 24143.22, 15316.68 24145.52, 15291.46 24146.32, 15307.62 24448.63, 15324.17 24750.95, 15340.66 25052.94, 15357.17 25354.59, 15358.71 25380.36, 15665.9 25371.08, 15973.16 25361.79, 16279.98 25352.51, 16586.49 25343.23, 16612.3 25342.73, 16596.15 25041.87, 16580.38 24740.66, 16564.62 24439.09, 16548.81 24137.19, 16547.78 24111.7))",annotation,plate4_8H,[102   0 102]
329,"POLYGON ((10458.8 59487.21, 10163.55 59515.6, 9867.94 59544.38, 9572.05 59573.17, 9345.79 59594.94, 9275.76 59602, 9251.56 59604.45, 9270.13 59872.27, 9289.15 60140.11, 9308.08 60407.66, 9327.02 60674.92, 9328.73 60697.77, 9623.95 60668.39, 9919.2 60639.02, 10214.13 60610.02, 10508.69 60580.7, 10533.53 60578.5, 10514.91 60311.87, 10496.64 60044.91, 10478.39 59777.68, 10460.08 59510.15, 10458.8 59487.21))",annotation,plate4_9A,[255 255 255]
331,"POLYGON ((10539.74 60669.02, 10245.21 60698.03, 9950.42 60727.42, 9655.23 60756.84, 9429.17 60779.12, 9359.72 60786.3, 9335.21 60788.82, 9354.1 61055.32, 9372.96 61321.9, 9391.83 61588.16, 9410.65 61854.14, 9412.36 61876.88, 9706.85 61846.88, 10001.32 61816.92, 10295.5 61786.95, 10589.32 61757.04, 10613.68 61754.79, 10595.56 61489.42, 10577.38 61223.75, 10559.18 60957.76, 10540.99 60691.51, 10539.74 60669.02))",annotation,plate4_9A,[255 255 255]
332,"POLYGON ((17449.84 41374.51, 17153.16 41392.65, 16856.13 41411.2, 16558.8 41429.75, 16331.44 41443.66, 16261.09 41448.31, 16236.74 41449.93, 16251.81 41732.83, 16267.33 42015.74, 16282.77 42298.36, 16298.22 42580.66, 16299.64 42604.8, 16596.32 42585.6, 16892.97 42566.39, 17189.32 42547.58, 17485.3 42528.41, 17510.25 42527.06, 17495.13 42245.48, 17480.39 41963.52, 17465.61 41681.27, 17450.78 41398.71, 17449.84 41374.51))",annotation,plate4_8D,[  0 255   0]
333,"POLYGON ((16970.92 32206.73, 16668.65 32219.63, 16366.04 32232.97, 16063.06 32246.3, 15831 32256.24, 15759.71 32259.66, 15734.51 32260.86, 15750.55 32553.95, 15766.57 32847.11, 15782.63 33139.93, 15798.61 33432.41, 15800.07 33457.42, 16102.33 33443.4, 16404.61 33429.36, 16706.57 33415.73, 17008.09 33401.75, 17033.13 33400.84, 17017.88 33109.08, 17002.59 32816.99, 16987.24 32524.55, 16971.95 32231.81, 16970.92 32206.73))",annotation,plate4_1F,[102   0 102]
334,"POLYGON ((8620.69 32572.12, 8308.22 32585.46, 7995.4 32599.24, 7682.17 32612.65, 7442.27 32622.92, 7368.58 32626.43, 7342.53 32627.68, 7363.23 32925.48, 7384.31 33223.35, 7405.43 33520.84, 7426.46 33818.01, 7428.38 33843.8, 7740.82 33829.29, 8053.28 33814.79, 8365.39 33800.31, 8677.05 33785.88, 8703.32 33784.91, 8683.05 33488.52, 8662.78 33191.74, 8642.45 32894.65, 8622.1 32597.21, 8620.69 32572.12))",annotation,plate4_3H,[102   0 102]
336,"POLYGON ((12575.68 50591.91, 12278.1 50615.4, 11980.19 50639.27, 11681.93 50663.15, 11453.91 50681.16, 11383.35 50687.05, 11358.89 50689.09, 11376.57 50965.05, 11394.63 51241.04, 11412.64 51516.7, 11430.66 51792.08, 11432.32 51815.62, 11729.87 51791.11, 12027.45 51766.62, 12324.65 51742.16, 12621.56 51717.71, 12646.59 51715.92, 12628.87 51441.21, 12611.57 51166.18, 12594.22 50890.83, 12576.86 50615.2, 12575.68 50591.91))",annotation,plate4_7F,[255 255 255]
337,"POLYGON ((22224.22 28028.43, 21926.15 28038.78, 21627.72 28049.53, 21328.94 28060.3, 21100.11 28068.28, 21029.8 28071.07, 21004.95 28072.05, 21017.61 28366.53, 21030.62 28661.04, 21043.64 28955.21, 21056.68 29249.05, 21057.91 29274.56, 21355.95 29263.09, 21654.08 29251.63, 21951.79 29240.19, 22249.17 29228.74, 22274.24 29228.05, 22261.97 28934.94, 22249.66 28641.48, 22237.33 28347.73, 22224.99 28053.61, 22224.22 28028.43))",annotation,plate4_1C,[102   0 102]
338,"POLYGON ((14296.47 33690.77, 13991.7 33704.63, 13686.59 33718.89, 13381.11 33733.16, 13147.52 33743.82, 13075.25 33747.48, 13050.24 33748.73, 13067.45 34041.85, 13085.02 34335.02, 13102.64 34627.83, 13120.21 34920.31, 13121.82 34945.7, 13426.54 34930.74, 13731.34 34915.79, 14035.71 34900.82, 14339.74 34885.89, 14365.37 34884.91, 14348.2 34593.16, 14331.36 34301.06, 14314.5 34008.61, 14297.62 33715.87, 14296.47 33690.77))",annotation,plate4_4H,[102   0 102]
339,"POLYGON ((16762.64 28223.81, 16457.97 28234.38, 16152.92 28245.39, 15847.46 28256.39, 15613.95 28264.53, 15541.69 28267.42, 15516.67 28268.41, 15532.54 28566.02, 15548.83 28863.67, 15565.11 29160.99, 15581.36 29457.95, 15582.85 29483.35, 15887.54 29471.64, 16192.26 29459.89, 16496.6 29448.2, 16800.58 29436.53, 16826.2 29435.82, 16810.3 29139.6, 16794.77 28843.04, 16779.23 28546.13, 16763.7 28248.88, 16762.64 28223.81))",annotation,plate4_9D,[102   0 102]
340,"POLYGON ((15399.35 52856.5, 15106.49 52881.04, 14813.28 52905.98, 14519.7 52930.96, 14294.9 52949.82, 14225.83 52955.94, 14201.42 52958.11, 14217.72 53229.99, 14234.05 53501.9, 14250.4 53773.53, 14266.66 54044.87, 14268.15 54068.07, 14561.01 54042.52, 14853.9 54016.93, 15146.45 53991.41, 15438.66 53965.89, 15463.3 53964.03, 15447.31 53693.34, 15431.72 53422.32, 15416.04 53151.01, 15400.42 52879.41, 15399.35 52856.5))",annotation,plate4_7G,[255 255   0]
341,"POLYGON ((20960.87 29378.22, 20661.97 29389.39, 20362.7 29400.97, 20063.13 29412.54, 19833.67 29421.14, 19763.13 29424.15, 19738.22 29425.2, 19751.97 29718.96, 19765.75 30012.75, 19779.46 30306.23, 19793.18 30599.36, 19794.45 30624.43, 20093.34 30612.16, 20392.25 30599.88, 20690.81 30587.62, 20989 30575.38, 21013.76 30574.63, 21000.75 30282.22, 20987.73 29989.46, 20974.73 29696.39, 20961.65 29402.98, 20960.87 29378.22))",annotation,plate4_1C,[102   0 102]
343,"POLYGON ((18885.84 42534.07, 18591.56 42552.83, 18296.94 42571.95, 18001.98 42591.09, 17776.1 42605.51, 17706.67 42610.27, 17682.13 42611.95, 17696.37 42892.75, 17710.98 43173.55, 17725.55 43454.07, 17740.13 43734.28, 17741.47 43758.24, 18035.77 43738.45, 18330.04 43718.67, 18623.98 43698.89, 18917.62 43679.17, 18942.37 43677.77, 18928.45 43398.23, 18914.55 43118.38, 18900.67 42838.22, 18886.73 42557.75, 18885.84 42534.07))",annotation,plate4_6H,[  0 255   0]
344,"POLYGON ((18823.92 41289.13, 18528.88 41307.18, 18233.54 41325.62, 17937.79 41344.07, 17711.33 41357.94, 17641.72 41362.55, 17617.15 41364.17, 17631.8 41646.3, 17646.49 41928.5, 17661.16 42210.38, 17675.78 42491.94, 17677.12 42516.02, 17972.18 42496.93, 18267.2 42477.82, 18561.95 42459.11, 18856.3 42440.07, 18881.12 42438.71, 18866.76 42157.85, 18852.82 41876.64, 18838.83 41595.1, 18824.86 41313.28, 18823.92 41289.13))",annotation,plate4_6H,[  0 255   0]
345,"POLYGON ((19444.44 26746.16, 19142.25 26755.84, 18839.7 26765.89, 18536.79 26775.97, 18305.21 26783.4, 18233.54 26786.04, 18208.71 26786.96, 18223.04 27084.56, 18237.77 27382.19, 18252.44 27679.47, 18267.17 27976.41, 18268.54 28002.18, 18570.73 27991.4, 18872.94 27980.63, 19174.74 27969.86, 19476.25 27959.08, 19501.67 27958.48, 19487.32 27662.25, 19473.35 27365.72, 19459.35 27068.84, 19445.35 26771.64, 19444.44 26746.16))",annotation,plate4_5A,[102   0 102]
346,"POLYGON ((15920.41 37540.18, 15619.76 37556.2, 15318.78 37572.64, 15017.43 37589.07, 14787.04 37601.36, 14715.72 37605.53, 14691.07 37606.96, 14707.16 37894.9, 14723.67 38182.9, 14740.16 38470.55, 14756.6 38757.9, 14758.1 38782.45, 15058.77 38765.36, 15359.39 38748.24, 15659.71 38731.14, 15959.61 38714.08, 15984.93 38712.92, 15968.77 38426.29, 15953.04 38139.34, 15937.25 37852.03, 15921.48 37564.45, 15920.41 37540.18))",annotation,plate4_11D,[102   0 102]
347,"POLYGON ((13987.77 28323.05, 13679.67 28333.78, 13371.21 28344.88, 13062.38 28356.02, 12825.84 28364.28, 12753.17 28367.16, 12727.48 28368.2, 12745.45 28667.39, 12763.39 28966.62, 12781.37 29265.52, 12799.27 29564.09, 12800.9 29589.62, 13108.98 29577.76, 13417.09 29565.92, 13724.85 29554.1, 14032.17 29542.29, 14057.68 29541.58, 14040.55 29243.76, 14023.36 28945.61, 14006.12 28647.13, 13988.92 28348.29, 13987.77 28323.05))",annotation,plate4_5H,[102   0 102]
349,"POLYGON ((3977 48190, 6914 48190, 6914 55687, 3977 55687, 3977 48190))",annotation,plate4_12H-scraped,[255 255   0]
350,"POLYGON ((9256.57 41883.82, 8950.07 41902.57, 8643.23 41921.73, 8335.99 41940.53, 8100.69 41954.95, 8028.38 41959.72, 8002.86 41961.41, 8023.22 42248.65, 8043.58 42535.93, 8063.88 42822.88, 8084.2 43109.54, 8086.06 43134.41, 8392.53 43114.57, 8699.02 43094.72, 9005.14 43074.91, 9310.92 43055.13, 9336.28 43053.77, 9316.72 42767.82, 9297.13 42481.54, 9277.56 42194.96, 9257.93 41908.04, 9256.57 41883.82))",annotation,plate4_9G,[255 255 255]
351,"POLYGON ((18501.45 34781.75, 18202.47 34796.11, 17903.15 34810.88, 17603.46 34825.28, 17373.93 34836.33, 17303.42 34840.09, 17278.49 34841.4, 17293.55 35130.75, 17308.61 35420.17, 17323.65 35709.26, 17338.64 35998.02, 17340.04 36023.06, 17639.04 36007.62, 17938 35992.19, 18236.67 35976.75, 18534.91 35961.34, 18559.67 35960.32, 18545.37 35672.25, 18531.07 35383.89, 18516.73 35095.16, 18502.4 34806.14, 18501.45 34781.75))",annotation,plate4_11H,[102   0 102]
352,"POLYGON ((12372.98 24226.33, 12060.61 24234.62, 11747.87 24243.32, 11434.74 24252.01, 11194.91 24258.39, 11121.23 24260.71, 11095.18 24261.54, 11114.28 24566.29, 11133.35 24871.07, 11152.46 25175.53, 11171.52 25479.6, 11173.25 25505.61, 11485.58 25496.17, 11797.99 25486.69, 12109.97 25477.66, 12421.57 25468.23, 12447.45 25467.74, 12429.21 25164.42, 12410.91 24860.77, 12392.59 24556.76, 12374.25 24252.41, 12372.98 24226.33))",annotation,plate4_5B,[102   0 102]
353,"POLYGON ((13263.33 39028.36, 12960.22 39045.32, 12656.81 39062.7, 12352.96 39080.09, 12120.3 39093.13, 12048.78 39097.48, 12023.54 39099.02, 12041.2 39386.96, 12059.22 39674.95, 12077.25 39962.59, 12095.22 40249.91, 12096.85 40274.47, 12399.97 40256.42, 12703.05 40238.36, 13005.85 40220.7, 13308.2 40202.69, 13333.72 40201.44, 13316.42 39914.82, 13299.16 39627.86, 13281.85 39340.59, 13264.55 39052.99, 13263.33 39028.36))",annotation,plate4_6B,[  0 255   0]
354,"POLYGON ((15540.39 55308.79, 15249.05 55334.65, 14957.33 55360.91, 14665.3 55387.19, 14442.02 55407.02, 14372.93 55413.47, 14349.02 55415.71, 14364.82 55684.97, 14380.99 55954.22, 14397.14 56223.19, 14413.28 56491.89, 14414.77 56515.19, 14706.08 56488.33, 14997.49 56461.48, 15288.5 56434.66, 15579.23 56407.87, 15603.71 56405.86, 15587.91 56137.81, 15572.44 55869.45, 15556.95 55600.8, 15541.44 55331.83, 15540.39 55308.79))",annotation,plate4_5E,[255 255   0]
355,"POLYGON ((15631.38 32265.38, 15327.48 32278.4, 15023.21 32291.77, 14718.63 32305.18, 14485.33 32315.2, 14413.65 32318.61, 14388.32 32319.81, 14405.13 32613.68, 14422.01 32907.57, 14438.81 33201.13, 14455.62 33494.38, 14457.15 33519.45, 14761.03 33505.34, 15064.93 33491.25, 15368.46 33477.19, 15671.63 33463.11, 15696.8 33462.21, 15680.73 33169.69, 15664.67 32876.85, 15648.57 32583.68, 15632.41 32290.15, 15631.38 32265.38))",annotation,plate4_1F,[102   0 102]
356,"POLYGON ((13024.07 35050.11, 12718.47 35064.81, 12412.5 35079.89, 12106.21 35094.98, 11871.6 35106.29, 11799.49 35110.1, 11774.02 35111.46, 11792.38 35403.85, 11810.7 35696.28, 11828.98 35988.41, 11847.26 36280.19, 11848.92 36305.14, 12154.5 36289.35, 12460.1 36273.55, 12765.32 36257.79, 13070.18 36242.02, 13095.5 36241, 13077.96 35949.94, 13060.4 35658.52, 13042.85 35366.8, 13025.25 35074.75, 13024.07 35050.11))",annotation,plate4_4H,[102   0 102]
358,"POLYGON ((9061.97 58363.38, 8764.35 58391.25, 8466.44 58419.48, 8168.19 58447.79, 7939.75 58469.21, 7869.58 58476.1, 7844.77 58478.55, 7864.24 58748.35, 7884.08 59018.17, 7903.91 59287.72, 7923.71 59556.94, 7925.5 59579.97, 8223.02 59551.1, 8520.63 59522.21, 8817.86 59493.4, 9114.71 59464.59, 9139.74 59462.41, 9120.68 59193.8, 9101.56 58924.85, 9082.43 58655.64, 9063.3 58386.12, 9061.97 58363.38))",annotation,plate4_7C,[255 255   0]
360,"POLYGON ((11503.65 54461.62, 11206.92 54487.25, 10909.81 54513.28, 10612.41 54539.32, 10384.99 54558.98, 10314.63 54565.4, 10290.24 54567.62, 10308.41 54840.1, 10326.97 55112.62, 10345.5 55384.84, 10364.01 55656.74, 10365.69 55679.99, 10662.41 55653.36, 10959.17 55626.72, 11255.58 55600.1, 11551.63 55573.52, 11576.6 55571.53, 11558.41 55300.28, 11540.61 55028.68, 11522.73 54756.78, 11504.87 54484.6, 11503.65 54461.62))",annotation,plate4_5D,[255 255   0]
361,"POLYGON ((14028.95 51758.17, 13733.82 51782.2, 13438.31 51806.62, 13142.5 51831.07, 12915.93 51849.56, 12846.33 51855.55, 12821.72 51857.68, 12838.85 52131.51, 12856.05 52405.39, 12873.17 52678.98, 12890.29 52952.26, 12891.85 52975.63, 13186.98 52950.59, 13482.15 52925.53, 13776.96 52900.51, 14071.44 52875.53, 14095.89 52873.71, 14079.46 52601.05, 14063.04 52328.08, 14046.57 52054.83, 14030.06 51781.27, 14028.95 51758.17))",annotation,plate4_7G,[255 255   0]
363,"POLYGON ((16753.78 52741.66, 16462.48 52766.09, 16170.85 52790.9, 15878.89 52815.74, 15655.65 52834.48, 15586.58 52840.59, 15562.67 52842.71, 15577.85 53113.94, 15593.36 53385.19, 15608.93 53656.14, 15624.45 53926.81, 15625.86 53949.96, 15917.11 53924.53, 16208.46 53899.09, 16499.4 53873.71, 16790.04 53848.35, 16814.54 53846.48, 16799.36 53576.45, 16784.51 53306.1, 16769.64 53035.47, 16754.76 52764.54, 16753.78 52741.66))",annotation,plate4_4B,[255 255   0]
364,"POLYGON ((18370.88 32145.51, 18070.28 32158.36, 17769.36 32171.61, 17468.1 32184.86, 17237.32 32194.77, 17166.42 32198.15, 17141.37 32199.34, 17156.61 32491.65, 17171.79 32784.01, 17186.98 33076.05, 17202.16 33367.74, 17203.55 33392.69, 17504.12 33378.75, 17804.71 33364.79, 18104.96 33351.23, 18404.79 33337.33, 18429.69 33336.46, 18415.26 33045.45, 18400.79 32754.15, 18386.34 32462.5, 18371.84 32170.52, 18370.88 32145.51))",annotation,plate4_11E,[102   0 102]
365,"POLYGON ((26228.26 26522.76, 25934.26 26532.17, 25639.92 26541.95, 25345.23 26551.76, 25119.53 26559, 25050.19 26561.56, 25025.68 26562.48, 25036.4 26856.11, 25047.1 27149.79, 25057.85 27443.14, 25068.55 27736.19, 25069.56 27761.25, 25363.53 27750.75, 25657.58 27740.26, 25951.23 27729.77, 26244.55 27719.29, 26268.9 27718.72, 26258.92 27426.39, 26248.9 27133.76, 26238.87 26840.81, 26228.82 26547.53, 26228.26 26522.76))",annotation,plate4_4E,[128   0 128]
366,"POLYGON ((16551.86 49054.69, 16258.29 49077.14, 15964.43 49099.95, 15670.16 49122.79, 15444.84 49140.04, 15375.61 49145.66, 15351.14 49147.64, 15366.88 49422.88, 15382.66 49698.13, 15398.43 49973.08, 15414.17 50247.76, 15415.63 50271.59, 15709.17 50248.13, 16002.75 50224.66, 16295.98 50201.23, 16588.87 50177.84, 16613.19 50176.17, 16598.13 49902.14, 16583.06 49627.8, 16567.97 49353.18, 16552.9 49078.23, 16551.86 49054.69))",annotation,plate4_4A,[255 255   0]
367,"POLYGON ((18238.55 29482.78, 17936.39 29494.06, 17633.86 29505.76, 17330.95 29517.48, 17099.34 29526.16, 17027.68 29529.2, 17002.87 29530.26, 17017.82 29825.58, 17033.22 30120.92, 17048.57 30415.97, 17063.87 30710.65, 17065.28 30735.85, 17367.46 30723.45, 17669.66 30711.01, 17971.54 30698.62, 18272.98 30686.24, 18298.39 30685.49, 18283.41 30391.55, 18268.82 30097.23, 18254.18 29802.62, 18239.53 29507.65, 18238.55 29482.78))",annotation,plate4_9B,[102   0 102]
370,"POLYGON ((8082.62 44566.78, 7776.19 44587.12, 7469.35 44607.82, 7162.17 44628.57, 6927.32 44644.18, 6854.65 44649.35, 6829.47 44651.15, 6850.04 44936.2, 6871.01 45221.28, 6891.92 45506.05, 6912.88 45790.48, 6914.76 45814.8, 7221.2 45793.41, 7527.65 45772, 7833.71 45750.65, 8139.46 45729.29, 8165.24 45727.76, 8144.68 45444.02, 8124.48 45159.93, 8104.27 44875.54, 8084.03 44590.81, 8082.62 44566.78))",annotation,plate4_6E,[0 0 0]
372,"POLYGON ((17904.48 22736.01, 17598.23 22743.31, 17291.59 22751, 16984.53 22758.72, 16749.41 22764.33, 16677.17 22766.41, 16651.63 22767.16, 16667.37 23070.14, 16683.13 23373.15, 16698.91 23675.82, 16714.61 23978.15, 16716.05 24003.99, 17022.34 23995.57, 17328.63 23987.11, 17634.56 23978.68, 17940.1 23970.22, 17965.47 23969.84, 17950.49 23668.27, 17935.53 23366.36, 17920.48 23064.13, 17905.49 22761.54, 17904.48 22736.01))",annotation,plate4_2F,[102   0 102]
373,"POLYGON ((9693.64 48281.89, 9391.23 48304.23, 9088.49 48326.96, 8785.39 48349.71, 8553.25 48366.9, 8481.93 48372.51, 8456.72 48374.48, 8476.58 48654.58, 8496.4 48934.71, 8516.23 49214.54, 8536.08 49494.06, 8537.89 49518.3, 8840.23 49494.91, 9142.66 49471.54, 9444.67 49448.17, 9746.35 49424.85, 9771.4 49423.18, 9752.35 49144.3, 9733.22 48865.16, 9714.13 48585.67, 9694.98 48305.87, 9693.64 48281.89))",annotation,plate4_1E,[255 255   0]
374,"POLYGON ((13749.82 24188.35, 13439.15 24196.61, 13128.11 24205.24, 12816.7 24213.9, 12578.21 24220.25, 12504.93 24222.56, 12479.03 24223.37, 12497.25 24527.33, 12515.5 24831.28, 12533.7 25134.92, 12551.95 25438.21, 12553.63 25464.53, 12864.29 25455.12, 13174.96 25445.73, 13485.22 25436.34, 13795.16 25426.96, 13820.9 25426.48, 13803.46 25123.97, 13786 24821.12, 13768.52 24517.91, 13751.02 24214.35, 13749.82 24188.35))",annotation,plate4_5B,[102   0 102]
376,"POLYGON ((15186.22 24148.86, 14877.29 24157.08, 14568.06 24165.65, 14258.39 24174.25, 14021.66 24180.57, 13948.41 24182.88, 13923.05 24183.67, 13940.03 24486.79, 13957.37 24789.9, 13974.73 25092.69, 13992.06 25395.12, 13993.66 25421.37, 14302.55 25412.05, 14611.46 25402.7, 14919.98 25393.35, 15228.13 25384.04, 15254.11 25383.55, 15237.18 25081.88, 15220.55 24779.87, 15203.94 24477.51, 15187.34 24174.79, 15186.22 24148.86))",annotation,plate4_8H,[102   0 102]
377,"POLYGON ((13182.71 37688.88, 12878.73 37705.08, 12574.47 37721.68, 12269.79 37738.32, 12036.48 37750.77, 11964.76 37754.95, 11939.46 37756.43, 11957.59 38045.84, 11975.7 38335.32, 11993.82 38624.46, 12011.89 38913.29, 12013.57 38937.98, 12317.49 38920.68, 12621.41 38903.39, 12925.02 38886.12, 13228.23 38868.85, 13253.41 38867.7, 13236.05 38579.57, 13218.67 38291.14, 13201.27 38002.36, 13183.88 37713.28, 13182.71 37688.88))",annotation,plate4_12G,[102   0 102]
378,"POLYGON ((21824.44 18481.68, 21520.7 18486.35, 21216.6 18491.43, 20912.14 18496.53, 20679.36 18500.14, 20607.29 18501.61, 20582.36 18502.14, 20595.49 18807.42, 20609.01 19112.72, 20622.48 19417.67, 20635.96 19722.29, 20637.21 19748.34, 20940.99 19742.51, 21244.71 19736.66, 21548.1 19730.83, 21851.11 19725, 21876.69 19724.8, 21863.52 19420.97, 21850.79 19116.8, 21838.01 18812.26, 21825.22 18507.4, 21824.44 18481.68))",annotation,plate4_2C,[102   0 102]
379,"POLYGON ((24611.87 19843.85, 24312.28 19849.35, 24012.39 19855.2, 23712.11 19861.09, 23482.51 19865.32, 23411.43 19866.98, 23386.87 19867.55, 23398.31 20169.57, 23410.1 20471.61, 23421.91 20773.31, 23433.7 21074.68, 23434.8 21100.46, 23734.38 21093.83, 24033.97 21087.23, 24333.19 21080.64, 24632.06 21074.04, 24657.25 21073.76, 24645.79 20773.16, 24634.7 20472.22, 24623.63 20170.95, 24612.52 19869.31, 24611.87 19843.85))",annotation,plate4_7D,[102   0 102]
380,"POLYGON ((14672.23 40219.37, 14371.48 40236.98, 14070.43 40254.98, 13769.02 40272.98, 13538.16 40286.51, 13467.24 40291.02, 13442.17 40292.61, 13459.37 40578.38, 13476.5 40864.23, 13493.65 41149.74, 13510.75 41434.94, 13512.33 41459.69, 13813.05 41441.01, 14113.74 41422.33, 14414.13 41403.69, 14714.13 41385.07, 14739.42 41383.76, 14722.63 41099.28, 14706.21 40814.46, 14689.77 40529.3, 14673.34 40243.83, 14672.23 40219.37))",annotation,plate4_6B,[  0 255   0]
