NMNAT1	1	9943428	9985501
MMEL1	1	2590639	2633016
ZBTB40	1	22428838	22531157
SLC9A1	1	27098809	27166981
AJAP1	1	4654609	4792534
PTAFR	1	28147166	28193936
TNFRSF1B	1	12166991	12209228
UBE4B	1	10032832	10181239
PLA2G5	1	20028179	20091911
PTPRU	1	29236516	29326813
CASZ1	1	10636604	10796650
GRIK3	1	36795527	37034515
PADI4	1	17308195	17364004
RLF	1	40161387	40240921
GNL2	1	37566816	37595937
MYCBP	1	38862493	38873368
RIMS3	1	40620680	40665682
ZYG11B	1	52726453	52827336
TTC4	1	54715861	54742657
KLF17	1	44118821	44135140
TCEANC2	1	54053584	54112519
GIPC2	1	77979542	78138444
ANGPTL3	1	62597520	62606313
ADGRL4	1	78889764	79282124
PTGFR	1	78303884	78540701
ABCD3	1	94418389	94518666
BCAR3	1	93561741	93847150
BARHL2	1	90711539	90717302
VAV3	1	107571161	107965180
S1PR1	1	101236865	101243713
OLFML3	1	113979391	114035572
GCLM	1	93885199	93909456
TGFBR3	1	91680343	91906335
LPAR3	1	84811602	84893206
CTTNBP2NL	1	112396214	112463456
SLC6A17	1	110150494	110202202
PTGFRN	1	116909916	116990353
ZNF326	1	89995110	90035533
TENT5C	1	117606048	117628389
SYCP1	1	114854863	114995370
SPAG17	1	117953590	118185228
MAGI3	1	113390515	113685923
CD2	1	116754430	116769229
CSF1	1	109910242	109930992
LAMC1	1	183023420	183145592
XCL2	1	168540768	168543997
POU2F1	1	167220876	167427345
METTL18	1	169792529	169794963
NIBAN1	1	184790724	184974508
LAMC2	1	183186238	183245127
NR5A2	1	200027614	200177420
MPZL1	1	167721192	167791919
SELE	1	169722640	169764705
SELL	1	169690665	169711702
RGS5	1	163111121	163321791
PRRX1	1	170662728	170739421
SOAT1	1	179293714	179358680
CNST	1	246566444	246668595
ILDR2	1	166895711	166975540
RRP15	1	218285293	218337983
NEK2	1	211658657	211675630
DHX9	1	182839347	182887982
GNPAT	1	231241207	231277973
TGFB2	1	218345336	218444619
ODR4	1	186375838	186421378
EGLN1	1	231363751	231422287
PAPPA2	1	176463171	176845601
PLA2G4A	1	186828949	186988981
SELP	1	169588849	169630193
LAMB3	1	209614870	209652425
NOS1AP	1	162069691	162370475
XPR1	1	180632022	180890279
ZNF281	1	200404940	200410056
SH3BP5L	1	248810446	248825915
SMYD3	1	245749342	246507312
ZC3H12A	1	37474580	37484377
RBM34	1	235131183	235161283
HMCN1	1	185734391	186190949
CDA	1	20589086	20618903
PINK1	1	20633458	20651511
CTH	1	70411218	70439851
PITHD1	1	23778418	23788232
GALE	1	23795599	23800781
DUSP23	1	159780932	159782543
SLAMF8	1	159826811	159837492
ATP1A1	1	116372668	116410261
KRTCAP2	1	155169408	155173475
GBA	1	155234452	155244699
HCN3	1	155277463	155289848
CD34	1	207880972	207911402
PGD	1	10398592	10420511
SMPDL3B	1	27935000	27959157
TESK2	1	45343883	45491163
MMACHC	1	45500300	45513382
CHRM3	1	239386565	239915452
DAP3	1	155687960	155739010
CCT3	1	156308968	156367873
FOXE3	1	47416285	47418052
IGSF3	1	116574399	116667755
CORT	1	10450031	10451998
LEPR	1	65420652	65641559
PSMD4	1	151254709	151267479
FOXD2	1	47438044	47440691
PRG4	1	186296279	186314567
NPPB	1	11857464	11858945
MIIP	1	12019466	12032045
TNFRSF8	1	12063303	12144207
RBBP4	1	32651142	32686211
HPCA	1	32885994	32898441
UFC1	1	161152776	161158856
ADAMTS4	1	161184302	161199054
GJA5	1	147756199	147773362
MFN2	1	11980181	12015211
ZMPSTE24	1	40258041	40294180
AUNIP	1	25831913	25859458
KIF2C	1	44739818	44767767
ZBTB48	1	6579994	6589280
EPHA8	1	22563489	22603595
THEMIS2	1	27872543	27886685
RPA2	1	27891524	27914746
ATP13A2	1	16985958	17011928
PADI2	1	17066761	17119451
CCN1	1	85580761	85584589
ERMAP	1	42817122	42844991
DISP1	1	222815022	223005995
HSD3B1	1	119507198	119515054
PHGDH	1	119648411	119744218
INSRR	1	156840063	156859117
LRRC47	1	3778559	3796498
HSPA6	1	161524540	161526894
FDPS	1	155308748	155320666
KCNK2	1	215005775	215237090
RO60	1	193059454	193091777
PACC1	1	212363928	212414901
RCOR3	1	211258377	211316385
KCNC4	1	110210314	110283100
LGALS8	1	236518000	236552981
MKNK1	1	46557407	46616843
SLC6A9	1	43991500	44031467
CD1A	1	158254424	158258269
CD1C	1	158289923	158294774
CD1B	1	158327951	158331531
CD1E	1	158353696	158357553
MAPKAPK2	1	206684905	206734281
IL24	1	206897443	206904139
FCMR	1	206903317	206923247
ZNF683	1	26361634	26374522
TINAGL1	1	31576485	31587686
PEF1	1	31629866	31644896
NVL	1	224227334	224330189
CNIH4	1	224356858	224379459
BMP8A	1	39491636	39529869
PABPC4	1	39560709	39576790
WNT3A	1	228006998	228061271
TSSK3	1	32351521	32364312
SLC16A4	1	110362851	110391082
HLX	1	220879431	220885059
INKA2	1	111680630	111755824
USF1	1	161039251	161045977
COQ8A	1	226940286	226987544
LRIF1	1	110947190	110963965
ARNT	1	150809713	150876708
PARP1	1	226360210	226408154
GPBP1L1	1	45627304	45688113
GMEB1	1	28668778	28719353
DAB1	1	56994778	58546734
EPHB2	1	22710839	22921500
KCNT2	1	196225779	196609225
CTSK	1	150794880	150809577
GBP1	1	89051882	89065360
FGR	1	27612064	27635185
IFI44L	1	78619902	78646145
AMIGO1	1	109504178	109509738
PTGS2	1	186671791	186680922
NGF	1	115285904	115338770
HES4	1	998962	1000172
SERPINC1	1	173903800	173917327
PSEN2	1	226870184	226927726
FCRLA	1	161706972	161714352
TRAF5	1	211326615	211374946
ATF6	1	161766298	161977574
MPL	1	43337818	43354466
CDC20	1	43358981	43363203
ASPM	1	197084121	197146694
AKT3	1	243488233	243851079
BCAN	1	156641390	156659532
NES	1	156668763	156677407
BRDT	1	91949343	92014426
KHDRBS1	1	32013868	32060850
KPNA6	1	32108056	32176563
DDX20	1	111754832	111775602
ECE1	1	21217247	21345572
CRYZ	1	74705482	74733408
SF3B4	1	149923317	149927803
FCGR1A	1	149782671	149791675
IGFN1	1	201190824	201228952
MTR	1	236795260	236921278
EPHX1	1	225810124	225845563
EXOSC10	1	11066618	11099869
RHD	1	25272393	25330445
FMN2	1	240014348	240475187
GREM2	1	240489573	240612155
PDPN	1	13583465	13617957
ADGRB2	1	31727117	31764893
SNAP47	1	227728200	227781826
IL20	1	206865623	206869223
TNFRSF14	1	2555639	2565382
RBM15	1	110338506	110346681
JMJD4	1	227730425	227735411
GPR37L1	1	202122886	202133592
SNX27	1	151612006	151699091
STIL	1	47250139	47314892
CNTN2	1	205042937	205078289
CDK18	1	205504596	205532793
ZSCAN20	1	33472645	33501643
GABRD	1	2019329	2030758
FAM131C	1	16057769	16073651
NRAS	1	114704469	114716771
SPTA1	1	158610704	158686715
FH	1	241497511	241519799
KMO	1	241532134	241595642
ATAD3A	1	1512162	1534685
EXO1	1	241847967	241895148
DNAH14	1	224896262	225399292
TNFSF18	1	173039202	173050941
TRIM67	1	231162058	231221565
HSPG2	1	21822244	21937310
WNT4	1	22117313	22143969
AVPR1B	1	206106936	206117699
IKBKE	1	206470476	206496889
RASSF5	1	206507531	206589448
ATXN7L2	1	109483479	109492804
CD101	1	117001750	117036552
RCC1	1	28505943	28539300
CRNN	1	152409243	152414263
MAP7D1	1	36155579	36180849
S100A3	1	153547329	153549258
S100A1	1	153627926	153632039
STK40	1	36339624	36385924
OSCP1	1	36415827	36450451
MR1	1	181033374	181061938
GORAB	1	170531819	170553834
KDM1A	1	23019443	23083689
CADM3	1	159171609	159203313
FCER1A	1	159289714	159308224
IL22RA1	1	24119771	24143140
LGR6	1	202193799	202319781
FMO3	1	171090901	171117819
ETV3	1	157121191	157138474
PBXIP1	1	154944076	154956123
SHC1	1	154962298	154974395
ROR1	1	63774017	64181498
FHAD1	1	15236521	15400283
GPN2	1	26876132	26890283
NR0B2	1	26911489	26913975
TENT5B	1	27005020	27012850
CEP85	1	26234200	26278808
LIN28A	1	26410817	26429728
PPP1R15B	1	204396492	204411887
CNR2	1	23870515	23913362
EEF1AKNMT	1	171781660	171814023
ABCA4	1	93992834	94121148
FAF1	1	50437028	50960267
NOTCH2	1	119911553	120100779
NPPA	1	11845709	11848345
PRKAA2	1	56645314	56715335
VTCN1	1	117143587	117210960
MUC1	1	155185824	155192916
OPRD1	1	28812170	28871267
GBP5	1	89256189	89272860
DIRAS3	1	68045886	68051717
FUCA1	1	23845077	23868290
HCRTR1	1	31617686	31632518
IL19	1	206770764	206842981
KCNQ4	1	40783787	40840452
LAD1	1	201380833	201399915
PHLDA3	1	201464278	201469237
CSRP1	1	201483530	201509456
IPO9	1	201829149	201884291
RHOC	1	112701127	112707434
MOV10	1	112673141	112700756
EPRS	1	219968600	220046530
IARS2	1	220094132	220148041
LURAP1	1	46203334	46221256
RAD54L	1	46246461	46278480
POMGNT1	1	46188683	46220305
F5	1	169511951	169586588
PALMD	1	99646113	99694541
ADIPOR1	1	202940826	202958572
CHIT1	1	203212827	203273641
PPFIA4	1	203026491	203078740
SETDB1	1	150926263	150964744
RHCE	1	25362249	25430192
EMC1	1	19215660	19251552
TAL1	1	47216290	47232225
PRKCZ	1	2050411	2185395
IPP	1	45694324	45750653
PDE4B	1	65792514	66374579
SMAP2	1	40344850	40423326
WDR77	1	111439890	111449256
ADORA3	1	111499429	111503633
RAP1A	1	111542218	111716691
CYP2J2	1	59893308	59926773
RNF187	1	228487382	228499899
MTHFR	1	11785723	11806455
THAP3	1	6624868	6635586
FCGR2B	1	161663143	161678654
KPRP	1	152758025	152762056
ATPAF1	1	46632737	46673867
CELSR2	1	109249539	109275751
PSRC1	1	109279556	109283186
SORT1	1	109309568	109397918
IFI16	1	158999968	159055155
CD46	1	207752037	207795513
HSD11B1	1	209686178	209734949
TRAF3IP3	1	209756032	209782320
C8B	1	56929207	56974383
SLAMF6	1	160485030	160523262
CD84	1	160541095	160579516
NBPF3	1	21440128	21485005
SFPQ	1	35176378	35193446
BMP8B	1	39757182	39788865
ARHGEF2	1	155946851	156007070
FCRL5	1	157513377	157552515
FCRL4	1	157573747	157598085
FCRL3	1	157674321	157700769
FCRL2	1	157745733	157777132
SH2D1B	1	162395268	162412138
DDR2	1	162631373	162787405
TEX35	1	178513109	178548602
IL12RB2	1	67307364	67398724
ALPL	1	21509397	21578410
IL10	1	206767602	206774541
CFH	1	196651754	196752476
BSDC1	1	32364633	32394731
LCK	1	32251244	32286165
WRAP73	1	3630767	3652761
RSBN1	1	113761832	113812476
PTPN22	1	113813811	113871753
IL23R	1	67138907	67259979
LRRC38	1	13474973	13514003
RPF1	1	84479259	84498352
SSX2IP	1	84643706	84690803
SLC2A1	1	42925353	42958893
KCNA3	1	110653560	110674940
NCF2	1	183554461	183590905
ALG6	1	63367575	63438553
RORC	1	151806071	151831845
TP53BP2	1	223779893	223845954
HAX1	1	154272355	154275875
GADD45A	1	67685201	67688334
ESRRG	1	216503246	217137755
CHRNB2	1	154567778	154580013
KCNN3	1	154697455	154870281
TNFRSF18	1	1203508	1206592
PLEKHO1	1	150149183	150164720
ANP32E	1	150218417	150236156
CA14	1	150257251	150265078
PRPF3	1	150321479	150353233
DVL1	1	1335276	1349418
IL6R	1	154405193	154469450
TMEM201	1	9588911	9614877
CLSTN1	1	9728926	9823984
LZIC	1	9922113	9943407
PDZK1	1	145670852	145708148
CD160	1	145719471	145739288
PIK3CD	1	9629889	9729114
FASLG	1	172659103	172666876
VAMP3	1	7771296	7781432
PER3	1	7784291	7845177
UTS2	1	7843083	7853512
TNFRSF9	1	7915871	7943165
PARK7	1	7954291	7985505
ERRFI1	1	8004404	8026309
FCGR2A	1	161505430	161524013
JAK1	1	64833223	65067754
BCL10	1	85265776	85276632
UBE2T	1	202331544	202341984
CFHR1	1	196819731	196837159
FCGR3A	1	161541759	161550968
FCGR3B	1	161623196	161631963
NUAK2	1	205302063	205321745
NCSTN	1	160343294	160358952
CD55	1	207321519	207386804
CR2	1	207453024	207489895
CR1	1	207496147	207641765
AGO1	1	35869808	35930532
ARF1	1	228082708	228099212
PBX1	1	164555584	164899296
CREG1	1	167529117	167553805
CD247	1	167425027	167518640
MASP2	1	11022009	11047239
ANGPTL7	1	11189355	11195981
ZNF687	1	151281618	151292176
RFX5	1	151340640	151347326
SELENBP1	1	151364304	151372707
DHDDS	1	26432282	26471306
TARDBP	1	11012344	11030528
NEXN	1	77888513	77943895
DNAJB4	1	77979175	78017964
NPR1	1	153678688	153693992
KCNH1	1	210676823	211134165
GSTM1	1	109687814	109709039
GSTM3	1	109733932	109741038
EPS8L3	1	109750080	109764027
ODF2L	1	86346824	86396342
CD1D	1	158178030	158186427
WDR26	1	224385146	224437033
KDM5B	1	202724495	202808487
TOR3A	1	179082070	179098023
ABL2	1	179099330	179229684
GPR3	1	27392622	27395814
ACTN2	1	236664141	236764631
CLIC4	1	24745382	24844321
NBL1	1	19596979	19658456
HTR6	1	19664875	19680966
RUNX3	1	24899511	24965121
CDC42	1	22052627	22101360
FMOD	1	203340628	203351758
FMO5	1	147175351	147243050
COL11A1	1	102876467	103108872
CHD5	1	6101787	6180321
PTBP2	1	96721665	96823738
PUSL1	1	1308597	1311677
PDE4DIP	1	148808140	149048286
RGS4	1	163068775	163076802
CENPF	1	214603185	214664574
SSBP3	1	54225432	54413479
HTR1D	1	23191895	23217502
EVI5	1	92508696	92792404
NTRK1	1	156815636	156881850
UBAP2L	1	154220179	154271510
STRIP1	1	110031577	110074641
PRKACB	1	84078062	84238498
NTPCR	1	232950605	232983882
KCNK1	1	233614106	233672514
ADORA1	1	203090654	203167405
POGZ	1	151402724	151459494
PTGER3	1	70852353	71047816
KIAA2013	1	11919591	11926428
EPHA10	1	37713880	37765133
DMBX1	1	46489836	46516216
CACYBP	1	174999163	175012027
ATF3	1	212565334	212620777
BATF3	1	212686417	212699840
DISC1	1	231626790	232041272
FNDC5	1	32862268	32872482
CSF3R	1	36466043	36483278
MYCL	1	39895428	39902256
TCEA3	1	23380909	23424748
SESN2	1	28259518	28282491
MINDY1	1	150996549	151008376
F11R	1	160995211	161021175
YIPF1	1	53851719	53889798
HSPB11	1	53916574	53945699
SDC3	1	30869466	30908758
ZCCHC17	1	31296982	31364953
FABP3	1	31365253	31376850
TP73	1	3652516	3736201
CCDC27	1	3746460	3771645
RC3H1	1	173931084	174022357
ADAR	1	154581695	154628013
PAX7	1	18630846	18748866
CDC73	1	193121983	193254815
REN	1	204154819	204190324
CEP170	1	243124428	243255793
PCSK9	1	55039445	55064852
RPE65	1	68428822	68451103
TNR	1	175315194	175743595
TLR5	1	223109404	223143292
MTOR	1	11106535	11262556
TNFSF4	1	173162645	173477583
TIE1	1	43300982	43323108
YY1AP1	1	155659446	155689334
RNF2	1	185045497	185102603
TRMT1L	1	185118101	185157072
RBBP5	1	205086142	205122015
PM20D1	1	205828025	205850132
ELK4	1	205597556	205632011
SDHB	1	17018664	17054151
TNNT2	1	201359008	201377764
DPT	1	168695468	168729206
KCNJ10	1	159998651	160070483
KCNJ9	1	160081538	160090563
IGSF8	1	160091340	160098943
PEA15	1	160205380	160215376
NLRP3	1	247332331	247449108
SLC16A1	1	112911847	112957593
CLK2	1	155262868	155278491
PROX1	1	213983181	214041510
DPYD	1	97077743	97995000
TBX15	1	118883046	118989556
TBX19	1	168280877	168314426
PGM1	1	63593411	63660245
CDC14A	1	100325629	100520277
GPR88	1	100538139	100542021
SLAMF1	1	160608106	160647044
SLAMF7	1	160739057	160754821
LY9	1	160796074	160828483
CD244	1	160830160	160862887
HDAC1	1	32292083	32333635
EPHA2	1	16124337	16156069
FBXO42	1	16246840	16352480
FCRL1	1	157792249	157820120
CD5L	1	157830911	157898256
CD58	1	116514534	116571039
SWT1	1	185157080	185291781
IVNS1ABP	1	185292931	185317273
SH2D2A	1	156806240	156816848
FAAH	1	46394317	46413848
DHCR24	1	54849627	54887195
FHL3	1	37996764	38005606
POU3F1	1	38043829	38046793
CAMSAP2	1	200738893	200860707
CASQ2	1	115698038	115837921
NHLH2	1	115836377	115843917
RNASEL	1	182573634	182589256
AIM2	1	159056129	159187843
VCAM1	1	100719742	100739045
SLC30A7	1	100896076	100996260
NAV1	1	201539127	201826969
ZMYM1	1	35032172	35118818
STMN1	1	25884181	25906991
NR1I3	1	161229666	161238244
NOTCH2NLA	1	146146203	146229041
MDM4	1	204516379	204558120
MTFR1L	1	25818640	25832942
ARID1A	1	26693236	26782104
MPZ	1	161304735	161309968
CASP9	1	15490832	15526534
AGMAT	1	15571699	15585051
DDI2	1	15617458	15669044
PLEKHM2	1	15681461	15734769
MUTYH	1	45329163	45340893
PTPRF	1	43525187	43623666
KDM4A	1	43650149	43705518
SNTG2	2	950849	1367613
NTSR2	2	11658178	11670195
HADHA	2	26190635	26244672
EFR3B	2	25042076	25159135
VSNL1	2	17539126	17657018
LTBP1	2	32946953	33399509
GDF7	2	20667144	20679243
XDH	2	31334321	31414742
PRKCE	2	45651345	46187990
LHCGR	2	48686774	48755730
FSHR	2	48962157	49154527
SLC3A1	2	44275458	44321494
LBH	2	30231534	30323730
HNRNPLL	2	38561969	38603586
PNPT1	2	55634061	55693863
EPAS1	2	46293667	46386697
BCL11A	2	60450520	60554467
TACR1	2	75046463	75199520
ALK	2	29192774	29921586
TGFA	2	70447284	70554193
SLC5A7	2	107986523	108013994
IL1B	2	112829751	112836816
NXPH2	2	138669157	138780390
MAP3K20	2	173075435	173268015
DRC1	2	26401920	26456711
FHL2	2	105357712	105438513
HNMT	2	137964020	138016364
TBR1	2	161416297	161425870
INHBB	2	120346136	120351803
ICOS	2	203936763	203961577
BARD1	2	214725646	214809683
LY75	2	159803355	159904756
GTF2A1L	2	48617798	48733148
ITPRID2	2	181891730	181930738
DNAH7	2	195737703	196068837
PIKFYVE	2	208266255	208358746
ANAPC1	2	111611639	111884690
TMEFF2	2	191949043	192194933
CALCRL	2	187341964	187448460
ANKRD44	2	196967017	197311173
TLK1	2	170990823	171231314
GPR55	2	230907318	230961066
TFPI	2	187464230	187565760
ACKR3	2	236567787	236582354
SPATS2L	2	200305881	200482264
INPP5D	2	233059967	233207903
MYO1B	2	191245185	191425389
KCNF1	2	10911934	10914225
UGT1A9	2	233671898	233773300
UGT1A1	2	233760270	233773300
TRPM8	2	233917373	234019522
HEATR5B	2	36968383	37084372
PRKD3	2	37250502	37324833
ATIC	2	215311956	215349773
LRP2	2	169127109	169362534
ZNF804A	2	184598529	184939492
PTCD3	2	86106223	86142157
KDM3A	2	86440647	86492716
ERFE	2	238158970	238168900
HES6	2	238238267	238240662
NPPC	2	231921809	231926396
DIS3L2	2	231961245	232344350
ECEL1	2	232479827	232487834
PREPL	2	44316281	44361862
PDK1	2	172555373	172608669
UGT1A4	2	233718736	233773300
SLC40A1	2	189560590	189583758
CFC1	2	130592165	130599575
PAX3	2	222199887	222298998
HTR2B	2	231108230	231125042
AGXT	2	240868824	240880502
FEV	2	218981087	218985184
IHH	2	219054424	219060921
ABCB6	2	219209772	219218994
ANKZF1	2	219229783	219236679
STK16	2	219245455	219250337
ECRG4	2	106063246	106078155
DUSP28	2	240560054	240565256
CCL20	2	227805739	227817564
GLI2	2	120735623	120992653
SP140	2	230203110	230313215
LPIN1	2	11677595	11827409
SNX17	2	27370496	27377535
NIFK	2	121726945	121736911
ACVR2A	2	147844517	147930826
MALL	2	110083870	110116022
NOSTRIN	2	168786539	168865514
EHBP1	2	62673851	63046487
IDH1	2	208236229	208266074
EIPR1	2	3188925	3377830
PGAP1	2	196833004	196927796
IL1R1	2	102064544	102179874
IL1RL2	2	102187006	102240002
IL1RL1	2	102311502	102352037
MITD1	2	99161427	99181058
TXNDC9	2	99318982	99340702
SF3B1	2	197388515	197435079
MOB4	2	197515571	197553699
SSB	2	169791933	169812064
HSPD1	2	197486584	197516737
UBR3	2	169827454	170084131
DPP4	2	161992245	162074394
DDX1	2	15591178	15634346
PRKRA	2	178431292	178451512
PSMD1	2	231056845	231173116
RRM2	2	10120698	10211725
HPCAL1	2	10302889	10427617
INHA	2	219569162	219575711
SP9	2	174334954	174338500
KCNJ13	2	232765802	232776565
DHX57	2	38797729	38875934
CYP27A1	2	218781749	218815293
ZNF142	2	218633329	218659655
POTEJ	2	130611440	130658037
BUB1	2	110637528	110678063
OTOF	2	26457203	26558756
GKN1	2	68974573	68980980
LRRTM1	2	80288351	80304752
EIF2AK2	2	37099210	37157522
DNAJC10	2	182716255	182794464
RSAD2	2	6865557	6898239
CNNM3	2	96816245	96835382
SEMA4C	2	96859718	96870757
DCTN1	2	74361154	74392087
POTEF	2	130073535	130129222
CAVIN2	2	191834310	191847088
GFPT1	2	69319780	69387250
MMADHC	2	149569637	149587778
IL18R1	2	102311529	102398777
PLEKHH2	2	43637260	43767987
CARF	2	202912214	202988263
LRPPRC	2	43886224	43996226
ITGA4	2	181457202	181538940
MXD1	2	69897688	69942945
ACVR1	2	157736251	157876330
HOXD10	2	176108790	176119937
HOXD9	2	176122719	176124937
TUBA4A	2	219249710	219277902
DNAJB2	2	219279342	219286898
IRS1	2	226731312	226799820
RHBDD1	2	226835581	226999215
COL4A3	2	227164624	227314792
POMC	2	25160853	25168903
COL4A4	2	227002714	227164453
KCNK12	2	47509290	47570985
EIF2AK3	2	88556741	88691518
NEUROD1	2	181668295	181680827
SP3	2	173880850	173965373
PTH2R	2	208359714	208854503
TRIB2	2	12716910	12742734
PPP1R1C	2	181954241	182131398
IL37	2	112911165	112918882
NCOA1	2	24491254	24770702
FAM126B	2	200973718	201071671
PROC	2	127418427	127429242
GPR17	2	127645864	127652639
HDAC4	2	239048168	239401654
ATG16L1	2	233210051	233295674
WDR12	2	202874261	203014798
SUMO1	2	202206182	202238599
BMPR2	2	202376327	202567751
FAM117B	2	202634969	202769757
ZNF512	2	27582969	27623217
GPN1	2	27628247	27651511
ADRA2B	2	96112876	96116571
MAP4K3	2	39249266	39437301
IMMT	2	86143932	86195472
ATF2	2	175072250	175168382
CYP20A1	2	203238977	203306026
CFLAR	2	201116154	201176687
RBMS1	2	160272151	160493807
POTEI	2	130459455	130509707
KCNK3	2	26692722	26733420
FAP	2	162170684	162245151
CUL3	2	224470150	224585397
SOS1	2	38962206	39124345
CCDC141	2	178829757	179050137
DNMT3A	2	25227855	25342590
MLPH	2	237485428	237555322
CAD	2	27217369	27243943
UCN	2	27307400	27308445
SCN9A	2	166195185	166376001
TMEM237	2	201620184	201643570
ZEB2	2	144364364	144521057
SCN7A	2	166403573	166611482
GPR1	2	206175316	206218047
AOX1	2	200586014	200677064
CXCR1	2	218162841	218166962
AAMP	2	218264129	218270178
VAMP5	2	85584431	85593406
COBLL1	2	164653624	164843679
IL18RAP	2	102418689	102452565
PLEKHB2	2	131104847	131353709
ATP6V1B1	2	70935900	70965431
OXER1	2	42762499	42764135
MAL	2	95025677	95053992
PROM2	2	95274449	95291308
LGALSL	2	64453969	64461381
GPATCH11	2	37084518	37099244
IGFBP2	2	216632828	216664436
CASP8	2	201233443	201361836
BOLL	2	197726879	197786762
CASP10	2	201182872	201229428
CXCR4	2	136114349	136119177
RGPD6	2	110513802	110610840
CTLA4	2	203853888	203873965
HTRA2	2	74529596	74533350
FAM161A	2	61824848	61854143
IL36G	2	112973203	112985658
IL1F10	2	113067970	113075843
IL1RN	2	113099315	113134016
ITGAV	2	186590010	186680901
STK39	2	167954020	168247595
IFIH1	2	162267074	162318684
CXCR2	2	218125289	218137251
GAD1	2	170813213	170861151
RANBP2	2	108719482	108785810
EPHA4	2	221418027	221574202
MSTN	2	190055700	190062729
IL1A	2	112773925	112784493
GCKR	2	27496839	27523684
SPDYA	2	28782517	28850611
SMARCAL1	2	216412383	216483053
EPCAM	2	47345158	47387601
SP110	2	230165186	230225729
STAT1	2	190908460	191020960
SLC4A1AP	2	27663426	27695366
RTN4	2	54972187	55112621
REL	2	60881491	60931612
YWHAQ	2	9583967	9630997
ADAM17	2	9488486	9556732
GBX2	2	236165236	236168386
AGAP1	2	235494043	236131793
SCG2	2	223596940	223602361
AP1S3	2	223667680	223838027
RMND5A	2	86720291	86778041
CD8B	2	86815339	86861924
CD8A	2	86784610	86808396
NFE2L2	2	177218667	177392756
MAP4K4	2	101696850	101894690
SATB2	2	199269505	199471266
TEKT4	2	94871430	94876823
MYCN	2	15940550	15947007
CD207	2	70830211	70835816
LANCL1	2	210427131	210477652
CPS1	2	210477682	210679107
MAP2	2	209424047	209734147
CREG2	2	101345550	101387503
RGPD1	2	86913783	87013976
ERCC3	2	127257290	127294166
PID1	2	228850526	229271287
CNRIP1	2	68284171	68320051
APLF	2	68467572	68655862
SCN3A	2	165087526	165204050
RAB6C	2	129979666	129982738
FRZB	2	182833275	182866637
GLS	2	190880821	190965552
PAX8	2	113215997	113278921
KHK	2	27086772	27100762
MFF	2	227325151	227357833
PER2	2	238244044	238290102
ROCK2	2	11179759	11348330
SOX11	2	5692384	5701385
R3HDM1	2	135531455	135725270
MCM6	2	135839626	135876443
NRP2	2	205681990	205798133
PPP1R7	2	241149576	241183652
GPR39	2	132416805	132646582
CENPA	2	26764289	26801067
APOB	2	21001429	21044073
ATL2	2	38293954	38377285
MERTK	2	111898607	112029561
RGPD8	2	112368369	112434488
TWIST2	2	238848032	238910534
MSH6	2	47695530	47810063
CRYGC	2	208128137	208129828
INO80D	2	205993721	206086303
SPTBN1	2	54456327	54671446
RAB11FIP5	2	73073382	73156721
CCT7	2	73233420	73253021
EGR4	2	73290929	73293701
COL5A2	2	189031898	189225312
XPO1	2	61476032	61538741
MSH2	2	47403067	47663146
SLC11A1	2	218382029	218396894
STAT4	2	191029576	191178435
CYP1B1	2	38066973	38109902
KIF1A	2	240713761	240824293
BCL2L11	2	111119378	111168444
CYTOR	2	87454781	87636740
PLA2R1	2	159932006	160062615
ITGB6	2	160099667	160271888
ITGA6	2	172234216	172506459
IKZF2	2	212999691	213152427
SRD5A2	2	31522480	31580938
PIGF	2	46580937	46617055
ACYP2	2	53970838	54305300
XRCC5	2	216107464	216206303
RPRM	2	153477338	153478762
ATOH8	2	85751344	85791383
POU3F3	2	104853287	104858574
HK2	2	74834127	74893359
CRIPT	2	46616416	46685037
ZAP70	2	97713576	97744327
BAZ2B	2	159315312	159616569
CD302	2	159768628	159798255
CREB1	2	207529737	207605988
CD28	2	203706517	203739756
DNPEP	2	219372029	219400022
PDCD1	2	241849884	241858894
SNRNP200	2	96274338	96321271
PCGEM1	2	192749803	192776899
FAM98A	2	33532744	33599347
MEIS1	2	66433452	66573869
PMS1	2	189784085	189877629
CBWD2	2	113437691	113496204
HADHB	2	26243170	26290465
EN1	2	118842171	118847648
MARCO	2	118942194	118994660
RAD18	3	8775402	8963773
KAT2B	3	20040446	20154404
CNTN6	3	1092658	1404217
RFTN1	3	16313574	16514026
CMTM8	3	32238679	32370321
PDCD6IP	3	33798571	33869707
RBMS3	3	28574791	30010391
GNAI2	3	50226292	50259362
RAB5A	3	19947097	19985175
OXSR1	3	38165089	38255484
TUSC2	3	50320027	50328251
PTPRG	3	61561569	62297609
SMARCC1	3	47585269	47782106
VGLL3	3	86876388	86991149
GBE1	3	81489703	81761645
FAM107A	3	58564117	58627610
EPHA3	3	89107621	89482134
CMSS1	3	99817837	100181732
CBLB	3	105655461	105869552
FEZF2	3	62369681	62374324
ALCAM	3	105366909	105576900
TAFA4	3	68731766	68953297
TMEM39A	3	119428949	119468830
HESX1	3	57197838	57227606
DPPA2	3	109293788	109316517
CDCP1	3	45082277	45146422
CD80	3	119524293	119559614
IFT57	3	108160812	108222435
SNX4	3	125446650	125520202
BFSP2	3	133400056	133475222
SOX14	3	137764315	137766334
NECTIN3	3	111070071	111275563
RUVBL1	3	128064778	128153914
BCHE	3	165772904	165837462
NEK11	3	131026850	131350465
TNFSF10	3	172505508	172523475
FNDC3B	3	172039578	172401669
SPATA16	3	172889357	173141235
GMPS	3	155870650	155944020
SLC2A2	3	170996347	171026743
MECOM	3	169083499	169663775
ATR	3	142449007	142578733
GHSR	3	172443291	172448456
GPR149	3	154334943	154430190
KLHL24	3	183635610	183684519
CCDC50	3	191329085	191398659
FBXO45	3	196568611	196589059
ADIPOQ	3	186842704	186858463
ETV5	3	186046314	186110318
RPN1	3	128619969	128681075
IRAK2	3	10164919	10243745
SEC13	3	10293131	10321112
P4HTM	3	48989889	49007153
PTX3	3	157436850	157443633
TIGIT	3	114276913	114310288
THRB	3	24117153	24495756
IGF2BP2	3	185643130	185825042
NCEH1	3	172630249	172711218
RABL3	3	120684938	120742993
TMEM45A	3	100492619	100577444
OXSM	3	25782917	25794534
PSMD2	3	184299198	184309050
EIF4G1	3	184314495	184335358
DLEC1	3	38039205	38124025
TDGF1	3	46574534	46582457
PTH1R	3	46877721	46903799
ZNF639	3	179323031	179338583
ACTL6A	3	179562886	179588407
LRRC15	3	194355249	194369743
LSG1	3	194640791	194672463
ARL8B	3	5122249	5180911
CLDN1	3	190305707	190322446
WWTR1	3	149517235	149736714
ZIC4	3	147386046	147406809
THPO	3	184371935	184381968
CCDC14	3	123897305	123961408
CAMK1	3	9757347	9769992
AMIGO3	3	49716829	49719684
CIDEC	3	9866711	9880255
FOXL2	3	138944224	138947137
TIMP4	3	12153068	12158912
PDCD10	3	167683298	167734939
PLSCR1	3	146515180	146544856
WNT5A	3	55465715	55490539
BAP1	3	52401008	52410008
ST6GAL1	3	186930325	187078553
NRROS	3	196639694	196662004
PAK2	3	196739857	196832647
CEP19	3	196706277	196712250
GSK3B	3	119821321	120094994
TP63	3	189631389	189897276
MASP1	3	187217282	187291980
AGTR1	3	148697784	148743008
DNASE1L3	3	58192257	58214697
ABHD6	3	58237532	58295693
PDHB	3	58427630	58433857
MME	3	155024124	155183704
CRYGS	3	186538441	186546702
AHSG	3	186613060	186621318
FETUB	3	186635969	186653141
IL5RA	3	3066324	3126613
RHOA	3	49359139	49412998
CXCR6	3	45940933	45948351
PROS1	3	93873051	93980003
VIPR1	3	42489299	42537573
PARP3	3	51942345	51948867
SH3BP5	3	15254353	15341368
COLQ	3	15450133	15521751
CCDC51	3	48432164	48440456
TREX1	3	48465811	48467645
CELSR3	3	48636463	48662886
COL7A1	3	48564073	48595329
MKRN2	3	12557057	12586208
PIK3CA	3	179148114	179240093
TLR9	3	52221080	52225645
RFC4	3	186789880	186807058
NR1I2	3	119780484	119818487
DNAH1	3	52316319	52400492
RSRC1	3	158105855	158545730
DHX30	3	47802909	47850195
CDC25A	3	48157146	48188417
CAMP	3	48223347	48225491
CCR1	3	46201711	46208313
CCR2	3	46353864	46360940
CCRL2	3	46407166	46412997
CCR3	3	46130890	46266706
PPARG	3	12287368	12434356
IL17RB	3	53846568	53865794
FANCD2	3	10026370	10101932
UMPS	3	124730433	124749273
ITGB5	3	124761948	124901418
FLNB	3	58008398	58172251
POU1F1	3	87259404	87276584
THUMPD3	3	9362971	9386791
RASSF1	3	50329782	50340980
MBNL1	3	152243828	152465780
ITPR1	3	4493345	4847506
EPHB1	3	134795260	135260467
TASOR	3	56620132	56683265
FILIP1L	3	99828811	100114513
P2RY14	3	151212117	151278542
P2RY13	3	151326312	151329549
P2RY12	3	151336843	151384753
FOXP1	3	70954693	71583978
ABTB1	3	127672935	127680926
GP5	3	194394821	194399266
MYLK	3	123610049	123884332
CDV3	3	133573686	133590261
TOPBP1	3	133598175	133662380
CPNE9	3	9703826	9729908
PHF7	3	52410660	52423641
TKT	3	53224712	53256052
CIP2A	3	108549864	108589644
DNAH12	3	57293699	57544344
POLR2H	3	184361710	184368596
MST1	3	49683947	49689501
MED12L	3	151085286	151437072
ABCF3	3	184186095	184194012
DVL3	3	184155377	184173614
AP2M1	3	184174689	184184214
MYNN	3	169773396	169789716
GRM2	3	51707068	51718613
HRH1	3	11137093	11263557
ATG7	3	11272309	11557665
RARB	3	24687887	25597932
CAMKV	3	49857988	49869935
CD86	3	122055362	122121139
CASR	3	122183668	122291629
KPNA1	3	122421902	122514945
PARP15	3	122577628	122639047
MAGI1	3	65353525	66038918
CCR5	3	46370946	46376206
NR2C2	3	14947583	15053600
GABRR3	3	97985102	98035315
FBLN2	3	13549125	13638422
SERPINI2	3	167441914	167478972
MELTF	3	196980590	197029835
DLG1	3	197042560	197299330
DAG1	3	49468713	49535618
PRKCD	3	53156009	53192717
XIRP1	3	39183210	39192596
CX3CR1	3	39263495	39281735
CCK	3	42257825	42266185
CRYBG3	3	97822011	97944984
SLC6A1	3	10992186	11039247
NEPRO	3	113002444	113019861
DRD3	3	114127580	114199407
TRH	3	129974688	129977935
TRPC1	3	142724034	142807888
TNK2	3	195863364	195911945
TFRC	3	196012511	196082153
MLF1	3	158571163	158607252
HHLA2	3	108296529	108378285
CLDN18	3	137998735	138033655
DZIP1L	3	138061990	138115818
DBR1	3	138160988	138174949
OXTR	3	8750381	8769628
TOP2B	3	25597978	25664909
RAF1	3	12582101	12664201
LRRC3B	3	26622772	26717537
SATB1	3	18345377	18445621
IL12A	3	159988835	159996019
ACAP2	3	195274745	195443044
LRTM1	3	54918231	54967088
CACNA1D	3	53328963	53813733
PPP2R3A	3	135965728	136147894
PCCB	3	136250340	136337896
EOMES	3	27715949	27722711
NEK4	3	52708444	52770946
ITIH1	3	52777595	52792068
IMPDH2	3	49024325	49029447
MUC4	3	195746765	195811973
ACPP	3	132317369	132368302
MAP4	3	47850690	48089272
TGM4	3	44874608	44914990
CD47	3	108043091	108091862
CCR9	3	45884425	45903174
XCR1	3	46016990	46085825
SLMAP	3	57755450	57930003
GRM7	3	6770001	7741533
IL1RAP	3	190514051	190659750
EIF1B	3	40309707	40312424
PRKCI	3	170222424	170305977
STAB1	3	52495338	52524495
NT5DC2	3	52524385	52535054
OGG1	3	9749944	9788219
RUBCN	3	197668867	197749727
MCCC1	3	183015218	183116075
LAMP3	3	183122215	183163839
IQSEC1	3	12897043	13283281
CCDC80	3	112596797	112649530
GAP43	3	115623510	115721490
DCAF1	3	51395867	51500015
RAD54L2	3	51538719	51668667
PHLDB2	3	111732497	111976517
GATA2	3	128479427	128493201
ABI3BP	3	100749156	100993515
CTDSPL	3	37861880	37984469
MITF	3	69739456	69968336
SMC4	3	160399274	160434954
MYD88	3	38138552	38143024
FSTL1	3	120392293	120451016
BCL6	3	187721377	187745725
CP	3	149162410	149221829
MST1R	3	49886902	49903873
SEMA3F	3	50155045	50189075
TGFBR2	3	30606478	30694249
DAZL	3	16586792	16670306
CTNNB1	3	41194741	41260096
ZMYND10	3	50341110	50345732
MCM2	3	127598223	127622436
TIPARP	3	156673235	156706770
SELENOT	3	150602875	150630436
PLD1	3	171600404	171810950
SOX2	3	181711925	181714436
P2RY1	3	152835131	152841439
HES1	3	194136148	194138732
VHL	3	10141778	10153676
CD96	3	111292719	111665996
RAB7A	3	128693669	128825942
FAIM	3	138608606	138633376
PIK3CB	3	138652336	138834928
CCR4	3	32951644	32957120
GLB1	3	32996609	33097202
SOX2-OT	3	180989510	181836880
TMEM43	3	14125015	14143680
XPC	3	14145145	14178621
SPICE1	3	113442718	113515187
CD200	3	112332235	112363181
BTLA	3	112461067	112499472
SLC35G2	3	136818647	136855888
NCK1	3	136862208	136951606
EPM2AIP1	3	36985043	36993131
MLH1	3	36993226	37050896
CCR8	3	39329709	39336269
GXYLT2	3	72888046	72998138
SLC2A9	4	9771153	10054936
CPZ	4	8592660	8619759
DRD5	4	9781634	9784009
ADGRA3	4	22345071	22516066
SLIT2	4	20251905	20620561
CORIN	4	47593999	47838106
CLOCK	4	55427903	55546909
SDAD1	4	75940950	75990962
STAP1	4	67558727	67607337
ATP10D	4	47485275	47593486
UGT2B7	4	69051363	69112987
PARM1	4	74933095	75050115
TACR3	4	103586031	103719985
BANK1	4	101411286	102074812
CISD2	4	102868974	102892807
TBCK	4	106041599	106316683
PAPSS1	4	107590276	107720234
CXCL6	4	73836640	73849064
NDNF	4	121035613	121073021
SYNPO2	4	118850688	119061247
NDST4	4	114827763	115113876
MAD2L1	4	120055623	120066858
QRFPR	4	121328642	121381059
PPP3CA	4	101023409	101348278
GABRA4	4	46918900	46993581
SLC7A11	4	138164097	138242349
GABRG1	4	46035769	46124054
DDIT4L	4	100185870	100190782
PCDH10	4	133149294	133208606
NR3C2	4	148078762	148444698
PRMT9	4	147637785	147684163
PTPN13	4	86594315	86815171
GLRA3	4	174636920	174829247
NPY1R	4	163323962	163344832
TMA16	4	163494442	163520539
RWDD4	4	183639635	183659203
IL15	4	141636583	141733987
SPATA4	4	176184579	176195585
ARFIP1	4	152779937	152918463
EDNRA	4	147480917	147544954
SLC25A4	4	185143266	185150382
RXFP1	4	158315311	158653372
ZNF827	4	145757627	145938823
CDKN2AIP	4	183444635	183449064
HPGD	4	174490175	174523154
NPY2R	4	155208636	155217078
APELA	4	164877178	164898965
IL2	4	122451470	122456725
HMGB2	4	173331376	173334432
CD38	4	15778275	15853232
FGFBP2	4	15960245	15969309
PROM1	4	15963076	16084378
SPATA5	4	122923070	123319433
NOA1	4	56963350	56977606
POLR2B	4	56977722	57031158
REST	4	56907876	56966808
ANXA5	4	121667946	121696995
CCNA2	4	121816444	121823883
TRPC3	4	121874481	121952060
UGDH	4	39498755	39528311
MAPK10	4	85990007	86594625
GABRA2	4	46243548	46475230
NPNT	4	105894775	106004027
FAT4	4	125314918	125492932
KLHL8	4	87160103	87240314
TET2	4	105145875	105279816
IL21	4	122610108	122621066
NSD2	4	1871393	1982207
MAEA	4	1289887	1340147
CPEB2	4	15002481	15070153
PCDH18	4	137518918	137532494
LEF1	4	108047545	108168956
RAB28	4	13361354	13484365
TDO2	4	155854738	155920406
HPSE	4	83292461	83335153
ANXA10	4	168092537	168187736
KDR	4	55078481	55125595
CCKAR	4	26481396	26490484
SRD5A3	4	55346213	55373100
CLGN	4	140388453	140427661
ELMOD2	4	140524168	140553770
SMAD1	4	145481194	145559176
BMP2K	4	78776342	78916365
PPID	4	158709127	158723396
PKD2	4	88007635	88077777
ABCG2	4	88090150	88231628
ANXA3	4	78551747	78610451
FRAS1	4	78057323	78544269
SLC39A8	4	102251080	102431258
UBE2D3	4	102794383	102868896
CXCL2	4	74097040	74099196
CXCL9	4	76001275	76007509
CXCL10	4	76021118	76023497
CXCL11	4	76033682	76041415
WFS1	4	6269849	6303265
AFF1	4	86935002	87141039
NPFFR2	4	72031902	72148305
HTT	4	3041363	3243957
UGT2B17	4	68537173	68576413
CXCL13	4	77511753	77611834
ZBTB49	4	4290251	4321786
KIT	4	54657267	54740783
MRFAP1L1	4	6707701	6709865
NEK1	4	169369704	169612632
RBPJ	4	26163455	26435131
FABP2	4	119317250	119322138
USP53	4	119212587	119295518
COL25A1	4	108808725	109302752
CLNK	4	10486395	10684768
ANKRD17	4	73073376	73258798
HERC6	4	88378739	88443097
LYAR	4	4267701	4290154
PITX2	4	110617423	110642123
CXCL5	4	73995642	73998677
DOK7	4	3463306	3501473
NEUROG2	4	112513516	112516180
SOD3	4	24789912	24800842
TLR10	4	38772238	38782990
TLR6	4	38822897	38856817
MAB21L2	4	150582151	150584693
LRBA	4	150264435	151015727
SNCA	4	89700345	89838315
EREG	4	74365145	74388749
ALPK1	4	112285509	112442621
TMEM192	4	165070608	165208549
FAT1	4	186587794	186726722
ATOH1	4	93828753	93830964
SMARCAD1	4	94207611	94291292
HPGDS	4	94298535	94342876
PHOX2B	4	41744082	41748725
EGF	4	109912883	110013766
ENPEP	4	110365733	110565285
IDUA	4	986997	1004564
FAM193A	4	2536647	2732573
ADD1	4	2843844	2930076
ADRA2C	4	3766348	3768526
NFKB1	4	102501330	102617302
TLR3	4	186068911	186088073
TEC	4	48135783	48269838
STIM2	4	26857601	27025381
SPATA18	4	52051304	52097299
UCHL1	4	41256413	41268455
RHOH	4	40191011	40246967
CASP3	4	184627696	184650062
GYPA	4	144109303	144140751
ART3	4	76011184	76114048
MTNR1A	4	186526792	186555567
SCFD2	4	52872982	53366066
FIP1L1	4	53377569	53464382
FBXW7	4	152320544	152536092
GLRB	4	157076125	157172090
PDE5A	4	119494397	119628804
HNRNPD	4	82352498	82374503
SLC25A31	4	127730400	127774292
PLK4	4	127880893	127899224
PALLD	4	168497052	168928457
WDFY3	4	84668765	84966690
CAMK2D	4	113418054	113761927
CLCN3	4	169612633	169723673
TMPRSS11E	4	68447463	68497604
FGF2	4	122826682	122898236
FGFR3	4	1793293	1808872
N4BP2	4	40056797	40158252
GRIA2	4	157204182	157387146
NMU	4	55595229	55636698
NAA15	4	139301446	139420033
GYPB	4	143996104	144019380
CTBP1	4	1211445	1250333
BMPR1B	4	94757955	95158448
EIF4E	4	98879276	98929133
HOPX	4	56647989	56681877
TMEM33	4	41935129	41960803
AFM	4	73481745	73504001
F11	4	186266189	186289681
PDGFC	4	156760454	156971799
SMARCA5	4	143513702	143557486
SORCS2	4	7192538	7742827
GAB1	4	143336876	143474565
GNRHR	4	67737118	67754388
CEP44	4	174283730	174333380
PDGFRA	4	54229280	54298245
VEGFC	4	176683538	176792922
NEIL3	4	177309874	177362936
TXK	4	48063158	48134250
GSX2	4	54099523	54102498
NAAA	4	75910655	75941013
NAP1L5	4	88695913	88697829
SNHG8	4	118278462	118285316
TLR1	4	38787555	38856817
USP38	4	143184917	143225212
SPON2	4	1166932	1208962
BST1	4	15703065	15775614
OPRPN	4	70397931	70410195
DUX4	4	190173774	190185942
INPP4B	4	142023160	142847432
PPARGC1A	4	23755041	23904089
CASP6	4	109688622	109703583
ZGRF1	4	112539333	112636995
TLR2	4	153684050	153706260
ADCY2	5	7396138	7830081
ISL1	5	51383448	51394730
NPR3	5	32689070	32791724
FST	5	53480626	53487134
GHR	5	42423439	42721878
ADAMTS12	5	33523535	33892019
ITGA1	5	52787916	52959209
MTREX	5	55307989	55425579
GZMK	5	55024256	55034570
ZSWIM6	5	61332258	61546172
ITGA2	5	52989340	53094779
ATG10	5	81972023	82276857
GOLPH3	5	32124716	32174319
GPBP1	5	57173948	57264679
MSH3	5	80654652	80876815
CD180	5	67179613	67196799
CCNO	5	55231152	55233608
CMYA5	5	79689836	79800240
MEGF10	5	127290796	127465737
CSF2	5	132073789	132076170
GRAMD2B	5	126360132	126496494
RAD50	5	132556019	132646349
ARRDC3	5	91368631	91383317
LMNB1	5	126776623	126837020
NREP	5	111662621	111997464
IL9	5	135892246	135895841
EDIL3	5	83940554	84384880
MAP1B	5	72107234	72209565
ESM1	5	54977867	55022671
PGGT1B	5	115204012	115262877
RNF180	5	64165843	64372869
GZMA	5	55102646	55110252
ZCCHC10	5	132996985	133026604
STK32A	5	147234963	147387855
CTNNA1	5	138610967	138935034
PELO	5	52787916	52804044
PCBD2	5	134905120	135007959
YIPF5	5	144158162	144170714
PRDM6	5	123089241	123194266
PPIC	5	123023250	123036725
SLC12A2	5	128083766	128189677
TNFAIP8	5	119268692	119399688
DHFR	5	80626226	80654983
PTTG1	5	160421855	160428739
IL3	5	132060655	132063204
GABRA1	5	161847063	161899981
NR3C1	5	143277931	143435512
LIFR	5	38474668	38608354
RASA1	5	87267883	87391931
ALDH7A1	5	126531200	126595362
ADRA1B	5	159865080	159973012
PTGER4	5	40679915	40693735
DRD1	5	175440036	175444182
SOX30	5	157625679	157671480
SFXN1	5	175477062	175529742
IL4	5	132673986	132682678
RASGEF1C	5	180100795	180209211
CSF1R	5	150053291	150113372
PDGFRB	5	150113839	150155872
ERAP1	5	96760810	96808100
SLC9A3	5	470456	524449
TPPP	5	659862	693352
PAIP2	5	139341587	139369720
MZB1	5	139387467	139390081
HTR1A	5	63957874	63962507
XRCC4	5	83077498	83353787
TRPC7	5	136212745	136365545
TICAM2	5	115578496	115602479
NSUN2	5	6599239	6633291
SH3TC2	5	148923639	149063163
GABRA6	5	161547063	161702593
ANKHD1	5	140401814	140539856
EIF4EBP3	5	140547662	140549576
PCDHA1	5	140786136	141012347
PCDHA2	5	140794852	141012347
PCDHA9	5	140847772	141012347
FOXI1	5	170105897	170109734
KCNMB1	5	170374671	170389634
GABRG2	5	162000057	162162977
GABRB2	5	161288429	161549044
IPO11	5	62403972	62628582
RAPGEF6	5	131423921	131635231
HSPA9	5	138553756	138575675
GLRA1	5	151822513	151924851
RXFP3	5	33936386	33938918
SRFBP1	5	121961975	122075570
LOX	5	122063195	122078413
SKP2	5	36151989	36196849
ADRB2	5	148826611	148828623
SHROOM1	5	132822141	132830659
MAPK9	5	180233143	180292099
PDLIM4	5	132257696	132273454
SLC22A4	5	132294394	132344190
POU4F3	5	146338839	146341728
HMGCR	5	75336329	75364001
COL23A1	5	178237476	178590393
CANX	5	179678628	179731641
TCOF1	5	150357629	150400308
SLC1A3	5	36596588	36688334
CDC25C	5	138285269	138338355
FAM53C	5	138331935	138349729
FBXW11	5	171861549	172006873
IL5	5	132541445	132556838
IRF1	5	132440440	132508719
CDK7	5	69234795	69277430
OCLN	5	69492292	69558104
STC2	5	173314723	173328447
ZNF608	5	124636913	124748807
ADAMTS19	5	129460281	129738683
DNAH5	5	13690328	14011818
CARTPT	5	71719275	71721048
RETREG1	5	16473038	16617101
SRA1	5	140537340	140557677
WDR55	5	140664868	140674124
HDAC3	5	141620876	141636849
AHRR	5	321714	438291
PAM	5	102753981	103029730
DMXL1	5	119037772	119249138
PDCD6	5	271621	314974
FGFR4	5	177086905	177098144
TRIP13	5	892884	919357
CDX1	5	150166778	150184558
DHX29	5	55256055	55307694
CLK4	5	178602664	178630615
SDHA	5	218303	257082
HSPA4	5	133052013	133106449
IL13	5	132656263	132661110
FER	5	108747841	109196841
HRH2	5	175658030	175710756
DBN1	5	177456608	177474401
SLC26A2	5	149960758	149993455
SLC22A5	5	132369710	132395613
GDF9	5	132861181	132866884
PCDHB14	5	141223343	141227759
MYOT	5	137867858	137887851
F2R	5	76716126	76735770
F2RL1	5	76818933	76835315
CDHR2	5	176542511	176595974
CTXN3	5	127649082	127658630
TSLP	5	111070062	111078026
HMMR	5	163460203	163491941
CD14	5	140631728	140633700
DAB2	5	39371675	39462300
C9	5	39284140	39371324
F12	5	177402133	177416583
PRKAA1	5	40759389	40798374
MAP3K1	5	56815549	56896152
CDKL3	5	134286350	134371047
IL12B	5	159314780	159330863
CCNB1	5	69167135	69178245
TIMD4	5	156919292	156963226
ITK	5	157142933	157255185
SIMC1	5	176238367	176345991
KIAA1191	5	176346062	176361807
FAF2	5	176447628	176510074
UNC5A	5	176810519	176880898
ZNF346	5	177022696	177081189
PROP1	5	177992235	177996242
HAVCR2	5	157085422	157142869
PIK3R1	5	68215740	68301821
PTCD2	5	72320367	72368395
BRIX1	5	34915677	34925996
GCNT4	5	75025346	75052558
SV2C	5	76083383	76353939
IQGAP2	5	76403285	76708132
TMEM173	5	139475533	139482935
UBE2D2	5	139526431	139628434
IL6ST	5	55935095	55995022
PITX1	5	135027734	135034813
CAMK2A	5	150219491	150290093
CYFIP2	5	157266079	157395595
ADAMTS2	5	179110853	179345461
KIF2A	5	62306162	62391025
HAVCR1	5	157026742	157069396
TTC23L	5	34838833	34900511
AMACR	5	33986165	34008104
TERT	5	1253147	1295068
CLPTM1L	5	1317752	1345099
SMN1	5	70925030	70953942
NAIP	5	70968166	71025339
SKP1	5	134148935	134176964
FLT4	5	180601506	180649624
ATPSCKMT	5	10225507	10249897
CCT5	5	10249929	10266389
VDAC1	5	133971871	134004975
TCF7	5	134114681	134151865
TSSK1B	5	113432553	113434989
YTHDC2	5	113513694	113595285
CSNK1A1	5	149492982	149551471
DAP	5	10679230	10761234
CTNND2	5	10971836	11904446
HBEGF	5	140332843	140346603
C6	5	41142116	41261438
GRIA1	5	153489615	153813869
SPINK7	5	148312419	148315922
HTR4	5	148446042	148677235
MEF2C	5	88717117	88904257
SPOCK1	5	136975298	137598379
PCDHA4	5	140807037	141012347
SLIT3	5	168661740	169301139
HNRNPH1	5	179614178	179634784
EBF1	5	158695920	159099916
GABRP	5	170763350	170814047
SH3RF2	5	145936578	146081791
RBM27	5	146203605	146289223
IL17B	5	149371324	149404202
WWC1	5	168291645	168472303
SRD5A1	5	6633290	6676539
SMN2	5	70049638	70078522
APC	5	112707518	112846239
SLC6A3	5	1392794	1445440
KIF20A	5	138178719	138187723
IRX1	5	3595832	3601403
TRIM23	5	65589690	65625975
FGF1	5	142592178	142698070
GDNF	5	37812677	37840041
CDH6	5	31193686	31329146
RAI14	5	34656328	34832612
PRLR	5	35048756	35230487
LPCAT1	5	1456480	1524282
CCL28	5	43376645	43412391
NUDCD2	5	163446526	163460404
HEXB	5	74640023	74722647
FAT2	5	151504092	151591331
PPP2CA	5	134193978	134226073
IRGM	5	150846521	150900736
ACTBL2	5	57480018	57482811
FGF10	5	44300247	44389706
PART1	5	60487713	60548813
PCSK1	5	96390333	96434143
SPZ1	5	80319625	80321842
HSPB3	5	54455699	54456377
BHMT	5	79111809	79132288
TNIP1	5	151029942	151093577
SQSTM1	5	179806398	179838078
GMDS	6	1623806	2245605
BMP6	6	7726099	7881728
DEK	6	18223860	18264548
NRSN1	6	24126186	24154900
TRIM27	6	28903002	28923988
CDKAL1	6	20534457	21232404
ID4	6	19837370	19842197
TPMT	6	18128311	18155077
FOXC1	6	1609915	1613897
TBC1D22B	6	37257772	37332970
RUNX2	6	45328157	45664349
PKHD1	6	51615299	52087613
ME1	6	83210402	83431051
PRDM1	6	105993463	106109939
CD109	6	73695785	73828316
GPR63	6	96794125	96837477
MCHR2	6	99918519	99994247
TFAP2B	6	50818723	50847619
MTRES1	6	107028199	107051586
STX7	6	132445867	132513198
SENP6	6	75601509	75718281
BVES	6	105096822	105137157
KCNK17	6	39299001	39314461
HBS1L	6	134960378	135103056
LIN28B	6	104936616	105083332
FABP7	6	122779716	122784074
TINAG	6	54307859	54390142
HTR1E	6	86937528	87016679
HDAC2	6	113933028	114011308
ADGRG6	6	142301854	142446266
BMP5	6	55753653	55875590
COL10A1	6	116118909	116158747
ASCC3	6	100508194	100881372
EFHC1	6	52362123	52529886
PLN	6	118548296	118561716
MAN1A1	6	119177205	119349761
TNFRSF21	6	47231532	47309905
POPDC3	6	105157900	105180014
ATG5	6	106045423	106325791
TTK	6	80003887	80042527
CNKSR3	6	154387515	154510685
FOXO3	6	108559835	108684774
OPRM1	6	154010496	154246867
VIP	6	152750797	152759765
DLL1	6	170282206	170306565
IMPG1	6	75921114	76072678
RSPO3	6	127118671	127199481
SLC17A5	6	73593379	73653992
SAMD5	6	147508690	147737547
KATNA1	6	149594873	149648972
AFG1L	6	108294991	108526796
BAG2	6	57172326	57189833
LATS1	6	149658153	149718105
DACT2	6	168292830	168319777
CASP8AP2	6	89829894	89874436
TCF21	6	133889113	133895553
GCM1	6	53126961	53148841
TPBG	6	82363206	82367420
NUP153	6	17615035	17706925
DTNBP1	6	15522807	15663058
UBD	6	29555515	29559732
MOG	6	29657002	29672372
PAK1IP1	6	10694972	10709782
TMEM14C	6	10722915	10731129
MAK	6	10762723	10838553
ZFP57	6	29672483	29681155
TCP1	6	159778498	159789703
PTK7	6	43076307	43161719
SRF	6	43171269	43181506
KHDC3L	6	73362658	73364171
DDX43	6	73394828	73417566
CRYBG1	6	106360717	106572017
RTN4IP1	6	106570771	106629498
CDSN	6	31115087	31120446
PREP	6	105273218	105454062
KCNK16	6	39314698	39322968
TMEM200A	6	130366017	130443067
REPS1	6	138903493	138988261
NRN1	6	5997999	6007605
F13A1	6	6144084	6321013
NCR2	6	41335608	41350889
MICB	6	31494881	31511124
DDX39B	6	31530219	31542448
LTA	6	31572054	31574324
NCR3	6	31588895	31593006
APOM	6	31652416	31658210
PRPH2	6	42696598	42722597
XPO5	6	43522334	43576038
POLH	6	43576185	43620523
RSPH9	6	43645036	43672600
HSPA1L	6	31809619	31815283
CSNK2B	6	31665227	31670343
MAS1	6	159890988	159917447
IGF2R	6	159969082	160113507
SLC22A1	6	160121815	160158718
TFEB	6	41683978	41736259
ROS1	6	117287353	117425942
RIPK1	6	3063824	3115187
RANBP9	6	13621498	13711835
PNPLA1	6	36243203	36313955
CGAS	6	73413515	73452297
EGFL8	6	32164595	32168281
NOTCH4	6	32194843	32224067
TUBB	6	30717435	30725538
TUBB2B	6	3223324	3231730
TUBB2A	6	3153497	3157544
ZNF76	6	35258909	35295985
PPARD	6	35342558	35428191
PLA2G7	6	46704201	46735693
C4B	6	32014795	32035418
MCM9	6	118813442	118935162
EPHA7	6	93240020	93419687
NQO2	6	2987987	3019755
ZSCAN26	6	28267058	28278224
THBS2	6	169215780	169254050
HCRTR2	6	55106460	55282617
MICA	6	31399784	31415315
RMND1	6	151398898	151452158
CCDC170	6	151494017	151621193
CCN2	6	131948176	131951372
CNR1	6	88139864	88166347
ENPP1	6	131808016	131895155
CUTA	6	33416442	33418317
ULBP2	6	149942014	149949235
ATXN1	6	16299112	16761491
CCND3	6	41934934	42050357
HS3ST5	6	114055596	114343023
RNF39	6	30070266	30075849
DDR1	6	30876421	30900156
MAP7	6	136342281	136550819
MANEA	6	95577485	95609470
NT5E	6	85449584	85495791
PGBD1	6	28281572	28302549
TIAM2	6	154832697	155257723
PDE10A	6	165327287	165988117
MYO6	6	75749201	75919537
MDC1	6	30699807	30717447
AGER	6	32180968	32184322
SASH1	6	148272304	148552044
RCAN2	6	46220736	46491972
RREB1	6	7107597	7251980
PRL	6	22287244	22302826
POU5F1	6	31164337	31180731
SMOC2	6	168441151	168673445
RHAG	6	49605175	49636839
ESR1	6	151656691	152129619
PLAGL1	6	143940300	144064599
ZNF165	6	28080568	28089563
ZSCAN16	6	28107689	28130082
NKAPL	6	28259297	28260958
PRSS16	6	27247701	27256624
BTNL2	6	32393339	32407181
THEMIS	6	127708072	127918631
BAG6	6	31639028	31652705
CCR6	6	167111807	167139141
PI16	6	36948263	36964837
PIM1	6	37170152	37175428
BACH2	6	89926528	90296843
SRPK1	6	35832966	35921342
IRF4	6	391739	411443
IFNGR1	6	137197483	137219449
RWDD1	6	116571409	116597675
ZUP1	6	116635618	116668794
STX11	6	144150487	144191939
TAP1	6	32845209	32853816
CFB	6	31945650	31952086
TSBP1	6	32288526	32371907
ANKS1A	6	34889255	35091406
MAP3K5	6	136557046	136793097
TNF	6	31575565	31578336
C4A	6	31982057	32002681
TRAF3IP2	6	111555381	111606906
IL17A	6	52186375	52190638
MCM3	6	52264014	52284881
IL17F	6	52236681	52245689
EHMT2	6	31879759	31897698
SUMO4	6	149400262	149401278
ZC3H12D	6	149446795	149485014
TAB2	6	149218641	149411613
ECHDC1	6	127288712	127343609
GUCA1A	6	42173364	42181338
SCGN	6	25652201	25701783
GLP1R	6	39048781	39091303
KIAA0408	6	127438406	127459389
GRM4	6	34018643	34155622
HMGA1	6	34236873	34246231
HIVEP2	6	142751469	142956698
FOXP4	6	41546381	41602384
TAP2	6	32821833	32838739
UTRN	6	144285335	144853034
DAXX	6	33318558	33323016
DST	6	56457987	56954830
ZNF451	6	57086844	57170305
EYA4	6	133240514	133532128
FYN	6	111660332	111873452
GABBR1	6	29555629	29633976
PRRC2A	6	31620715	31637771
GRM1	6	146027646	146437601
HMGN3	6	79201245	79234689
PLG	6	160702194	160754097
VEGFA	6	43770184	43786487
MAP3K7	6	90513573	90587086
SGK1	6	134169248	134318112
GJA1	6	121435595	121449727
STXBP5	6	147204180	147391010
ARG1	6	131470832	131584332
ENPP3	6	131628442	131747418
TNXB	6	32041153	32115334
GCNT2	6	10492223	10629368
NEDD9	6	11183298	11382348
DNAH8	6	38715311	39030792
BTBD9	6	38168451	38640148
SLC22A2	6	160171061	160277638
LPA	6	160531482	160664275
PRKN	6	161347417	162727775
CD2AP	6	47477789	47627263
ANKRD6	6	89433152	89633834
SYNCRIP	6	85607779	85644063
BAK1	6	33572547	33580293
ITPR3	6	33620365	33696574
BICRAL	6	42782052	42868558
MRAP2	6	84033772	84090881
MYB	6	135181308	135219173
HFE	6	26087226	26098343
ADTRP	6	11712054	11807046
EDN1	6	12290361	12297194
ERVFRD-1	6	11102324	11111845
CD83	6	14117256	14140682
TBP	6	170554302	170572870
HTR1B	6	77460924	77463491
SH3BGRL2	6	79537185	79703655
E2F3	6	20401879	20493714
TREM2	6	41158506	41163186
TREML2	6	41189749	41201149
TREM1	6	41267100	41286682
MYLIP	6	16129086	16151367
MAPK14	6	36027752	36122511
SERPINB9	6	2887173	2903309
HECA	6	139135080	139180802
PM20D2	6	89146055	89165565
ZSCAN12	6	28378821	28399747
ZBED9	6	28570535	28616212
CDKN1A	6	36676460	36687397
TFAP2A	6	10393186	10419659
SLC29A1	6	44219553	44234142
DLK2	6	43450352	43456632
KCTD20	6	36442767	36491143
BTN3A1	6	26402237	26415216
PTP4A1	6	63521746	63583588
PRDM13	6	99606774	99615578
PHF10	6	169703902	169725566
ICA1	7	8113184	8262687
RPA3	7	7636518	7718607
CPVL	7	28995235	29195451
AHR	7	16916359	17346152
TWIST1	7	19020991	19117636
NOD1	7	30424527	30478784
IGF2BP3	7	23310209	23470491
CDCA7L	7	21900899	21945903
CREB5	7	28299321	28825894
NPSR1	7	34658218	34878332
INMT	7	30697985	30757602
SFRP4	7	37905932	38025695
TBRG4	7	45100100	45112047
CCT6A	7	56051685	56063989
SEMA3A	7	83955777	84492724
BLVRA	7	43758680	43807342
SDHAF3	7	97117698	97181763
TAC1	7	97732084	97740472
VPS50	7	93232340	93361123
SERPINE1	7	101127104	101139247
PON1	7	95297676	95324532
HGF	7	81699010	81770438
PEG10	7	94656325	94669695
TECPR1	7	98214624	98252232
CD36	7	80369575	80679277
SEMA3C	7	80742538	80922359
TES	7	116210506	116258783
CAV2	7	116287380	116508541
SND1	7	127652194	128092609
PODXL	7	131500262	131558217
GNAI1	7	79768028	80226181
HIPK2	7	139561570	139777998
TSPAN12	7	120787320	120858402
AKR1B1	7	134442356	134459284
MACC1	7	20134655	20217404
FMC1	7	139339457	139346328
VIPR2	7	159028175	159144867
MPLKIP	7	40126027	40134622
GPR22	7	107470018	107475684
EN2	7	155458129	155464831
SUGCT	7	40135005	40860763
CLEC5A	7	141927357	141947007
TAS2R38	7	141972631	141973773
GPR37	7	124743885	124765792
CDK6	7	92604921	92836573
SLC25A13	7	96120220	96322147
IFRD1	7	112422887	112481017
NOS3	7	150991017	151014588
CDK5	7	151053815	151057897
CRHR2	7	30651942	30700129
CALCR	7	93424486	93574730
MGAM	7	141907813	142106747
CPA4	7	130293134	130324180
MEST	7	130486171	130506465
SOSTDC1	7	16461481	16530580
FSCN1	7	5592816	5606655
TMEM130	7	98846488	98870771
SCRN1	7	29920104	29990289
AEBP1	7	44104345	44114562
STX1A	7	73699206	73719672
GTPBP10	7	90335223	90391453
CDK14	7	90466424	91210590
FZD1	7	91264433	91271326
NFE2L3	7	26152198	26187137
CBX3	7	26201162	26213607
LIMK1	7	74082933	74122525
PSMC2	7	103328570	103370346
ABCB4	7	87401696	87480435
ABCB1	7	87503017	87713323
PURB	7	44876299	44885530
INHBA	7	41667168	41705834
TRPV6	7	142871208	142885745
KEL	7	142941114	142962363
WASL	7	123681943	123749003
TFR2	7	100620416	100642779
EPO	7	100720468	100723700
ZAN	7	100733595	100797797
EPHB4	7	100802565	100827523
GIGYF1	7	100679507	100694250
CCDC136	7	128790757	128822132
SMO	7	129188633	129213545
GLI3	7	41960949	42264100
CPA5	7	130344816	130368730
ACHE	7	100889994	100896974
CHRM2	7	136868652	137020255
ZC3HAV1L	7	139025706	139036042
FEZF1	7	122301303	122310691
RELN	7	103471381	103989658
SNX8	7	2251770	2354318
MAD1L1	7	1815793	2233243
CASP2	7	143288215	143307696
ZYX	7	143381295	143391111
EPHA1	7	143390289	143408856
GPR85	7	113078331	113087778
NUDT1	7	2242226	2251146
LANCL2	7	55365337	55433737
IGFBP1	7	45888360	45893660
SLC25A40	7	87833568	87876360
SRI	7	88205115	88226993
STEAP4	7	88270892	88306894
CYREN	7	135092363	135170795
SHH	7	155799980	155812463
NOM1	7	156949712	156973176
MNX1	7	156994051	157010663
EZH2	7	148807257	148884321
HOXA5	7	27141052	27143681
HOXA9	7	27162438	27175180
HOXA11	7	27181157	27185232
HOXA13	7	27193503	27200091
NSUN5	7	73302516	73308826
SEMA3D	7	84995553	85187056
FZD9	7	73433778	73436120
TNPO3	7	128954180	129055173
GIMAP8	7	150450630	150479393
BCL7B	7	73536356	73557690
CCL26	7	75769533	75789896
CCL24	7	75810825	75823356
RHBDD2	7	75842602	75888926
URGCP	7	43875894	43926411
UPK3B	7	76510525	76516522
PKD1L1	7	47740202	47948466
NCF1	7	74774011	74789315
VGF	7	101162509	101165569
CUL1	7	148697914	148801110
TBL2	7	73567537	73578791
DLD	7	107891162	107931730
HOXA10	7	27170605	27180261
DNAH11	7	21543039	21901839
ELN	7	74027789	74069907
WNT2	7	117275451	117323152
ORAI2	7	102433106	102456825
STEAP1	7	90154456	90164829
MDFIC	7	114922094	115019917
ELFN1	7	1665745	1747946
IL6	7	22725884	22732002
BMPER	7	33904308	34156427
JAZF1	7	27830573	28180795
SNX10	7	26291862	26374383
XRCC2	7	152644776	152676193
DDC	7	50458436	50565405
IKZF1	7	50304068	50405101
CARD11	7	2906142	3044228
SLC26A3	7	107765467	107803225
SH2B2	7	102285091	102321711
PDIA4	7	149003062	149028662
PIK3CG	7	106865278	106908980
AIMP2	7	6009255	6023834
CFTR	7	117287120	117715971
SAMD9	7	93099513	93118023
PDGFA	7	497258	520296
OCM2	7	97984687	97991169
EGFR	7	55019017	55211628
IRF5	7	128937457	128950038
EPDR1	7	37920640	37951936
PILRA	7	100367530	100400096
PTCD1	7	99416739	99466163
FOXP2	7	114086327	114693772
GIMAP5	7	150722253	150750033
RAC1	7	6374527	6403967
MLXIPL	7	73593194	73624543
TMEM106B	7	12211270	12243367
NRF1	7	129611720	129757082
TRRAP	7	98877933	99050831
ADCYAP1R1	7	31052308	31111474
BRAF	7	140719327	140924929
CACNA2D1	7	81946444	82443956
HTR5A	7	155070324	155087392
POR	7	75899200	75986855
NPC1L1	7	44512535	44541330
OGDH	7	44606572	44709066
ZMIZ2	7	44748581	44769881
HDAC9	7	18086949	19002416
TBXAS1	7	139777051	140020325
CAMK2B	7	44210019	44334577
IMPDH1	7	128392277	128409986
ETV1	7	13891229	13991425
RAPGEF5	7	22118236	22357154
CYP3A5	7	99648194	99679996
GIMAP4	7	150567369	150573953
AGAP3	7	151085831	151144436
MCM7	7	100092233	100101940
KLF14	7	130730697	130734207
MET	7	116672196	116798377
LEP	7	128241278	128257629
TSPAN13	7	16753755	16784536
AGR3	7	16859412	16881987
KCNH2	7	150944961	150978321
PMS2	7	5970925	6009130
RHEB	7	151466012	151520120
PRKAG2	7	151556124	151877214
TMEM209	7	130164713	130207770
FLNC	7	128830406	128859274
STK31	7	23710203	23832513
EPHB6	7	142855061	142871094
ABHD11	7	73736094	73738852
MEPCE	7	100428322	100434126
GLCCI1	7	7968796	8094272
GUSB	7	65960684	65982215
GNAT3	7	80458635	80512064
GRM3	7	86643909	86864879
TFPI2	7	93885396	93890753
CYCS	7	25118656	25125260
AOAH	7	36509308	36724549
PTPRZ1	7	121873089	122062036
SNHG15	7	44983019	44986961
SMURF1	7	99027440	99144108
GPER1	7	1082208	1093815
PON2	7	95404862	95435329
WEE2	7	141708353	141731271
NPTX2	7	98617285	98629869
STRIP2	7	129434432	129488399
SCIN	7	12570577	12660182
GTF2I	7	74650231	74760692
IL3RA	X	1336616	1382689
FAM9B	X	9024232	9295682
SRPX	X	38149336	38220924
GRPR	X	16123565	16153518
RAI2	X	17800049	17861337
SCML2	X	18239313	18354688
EFHC2	X	44147872	44343672
CLCN5	X	49922596	50099235
CFAP47	X	35919734	36385317
NDP	X	43948776	43973395
AKAP4	X	50190777	50201007
MAOB	X	43766610	43882450
VSIG4	X	66021738	66040125
CYSLTR1	X	78271468	78327691
HDAC8	X	72329516	72573101
EDA	X	69616067	70039472
KLHL4	X	87517409	87670050
PSMD10	X	108084207	108091549
CCNB3	X	50202713	50351914
POU3F4	X	83508290	83512127
ITM2A	X	79360384	79367667
SPANXB1	X	141002594	141003706
MAGEC2	X	142202342	142205290
SLITRK4	X	143622790	143636101
IGBP1	X	70133447	70166324
AMER1	X	64185117	64205708
MAGEA11	X	149688228	149717268
PASD1	X	151563675	151676739
IGSF1	X	131273506	131578899
RNF128	X	106693794	106797016
MAGEC1	X	141903894	141909374
F8	X	154835788	155026940
AFF2	X	148500617	149000663
HMGN5	X	81113699	81201913
TBC1D8B	X	106802673	106876150
IL13RA2	X	115003975	115019977
NAP1L3	X	93670930	93673578
ZMYM3	X	71239624	71255146
ITGB1BP2	X	71301750	71305371
CXCR3	X	71615916	71618511
OPN1LW	X	154144243	154159032
TLR7	X	12867072	12890361
COL4A5	X	108439838	108697545
ZNF280C	X	130202707	130268899
AIFM1	X	130124666	130165879
SSX4	X	48383516	48393347
EBP	X	48521799	48528716
VEGFD	X	15345596	15384413
CLCN4	X	10156975	10237660
ABCD1	X	153724856	153744755
L1CAM	X	153861514	153886173
HCFC1	X	153947557	153971818
GJB1	X	71212811	71225516
PRPS1	X	107628428	107651993
RBMX	X	136848004	136880764
GPR101	X	137023929	137033995
PLP2	X	49171898	49175235
SLITRK2	X	145817829	145829856
PRPS2	X	12791355	12824222
ATRX	X	77504880	77786233
CFP	X	47623172	47630305
TNMD	X	100584936	100599885
ARHGAP36	X	131058346	131089885
APEX2	X	55000363	55009057
SMC1A	X	53374149	53422728
NONO	X	71254814	71301522
ARX	X	25003694	25016420
ZFX	X	24149173	24216255
SSX1	X	48255392	48267444
MID2	X	107825755	107931637
TEX11	X	70528940	70908711
GPR174	X	79144688	79175318
SEPTIN6	X	119615724	119693370
FHL1	X	136146702	136211359
AGTR2	X	116170744	116174974
BCORL1	X	129981107	130058071
IRS4	X	108719946	108736563
APLN	X	129645259	129654956
MCTS1	X	120594010	120621159
CUL4B	X	120505920	120604074
BCOR	X	40049815	40177329
EGFL6	X	13569601	13633575
RAB9A	X	13689128	13710504
ZNF449	X	135344796	135363413
GPRASP1	X	102651092	102659083
NXT2	X	109535781	109544698
ACSL4	X	109624244	109733403
TREX2	X	153444473	153470587
PHEX	X	22032325	22494713
MAGEB2	X	30215563	30220089
EMD	X	154379273	154381574
CTAG1B	X	154617609	154619282
AMOT	X	112774503	112840831
CD99	X	2691187	2741309
HSD17B10	X	53431258	53434370
PDZD4	X	153802166	153830565
PCDH11X	X	91779261	92623230
MAGEA4	X	151912495	151925171
MAGEA10	X	152133310	152138578
MED12	X	71118543	71144103
FRMD7	X	132076990	132128020
GPRASP2	X	102712445	102717733
MAOA	X	43654907	43746817
GAGE1	X	49599020	49608538
GABRQ	X	152637895	152657542
MAGEA3	X	152698767	152702347
MAGEA12	X	152733757	152737669
NLGN3	X	71144821	71175255
PHF6	X	134373288	134428791
HPRT1	X	134460165	134520513
PHF8	X	53936676	54048958
NYX	X	41447343	41475710
TMEM185A	X	149596556	149631912
GPR34	X	41688973	41697275
DACH2	X	86148451	86832604
ELF4	X	130063955	130110716
PLS3	X	115561174	115650861
AVPR2	X	153902531	153907166
SHOX	X	624344	659411
SYP	X	49187815	49200218
STS	X	7147237	7804358
SSX2	X	52696896	52707178
RGN	X	47078355	47093314
RBM10	X	47145221	47186813
UBA1	X	47190861	47215128
ATP7A	X	77910690	78050395
RS1	X	18639688	18672108
SUV39H1	X	48695554	48709016
ERAS	X	48826513	48830138
TRO	X	54920462	54931431
SMARCA1	X	129446501	129523500
OCRL	X	129539849	129592561
SPIN2A	X	57134530	57137523
HS6ST2	X	132626015	132961395
ARR3	X	70268305	70281840
BTK	X	101349338	101390796
CD40LG	X	136648158	136660390
TRPC5	X	111768011	112082776
CYBB	X	37780018	37813461
PDHA1	X	19343893	19361718
MAP3K15	X	19360056	19515508
IKBKG	X	154541199	154565046
G6PD	X	154517825	154547572
IL2RG	X	71107404	71112108
MSN	X	65588377	65741931
DKC1	X	154762742	154777689
MAGEA1	X	153179284	153183880
CDK16	X	47217860	47229997
USP11	X	47232866	47248328
FAM3A	X	154506159	154516242
PORCN	X	48508959	48520814
SH2D1A	X	124227868	124373197
HTR2C	X	114584078	114910061
TLR8	X	12906620	12923169
XIAP	X	123859712	123913972
CASK	X	41514934	41923554
WAS	X	48676596	48691431
ACE2	X	15494566	15607236
TFE3	X	49028726	49043410
HDAC6	X	48801377	48824982
KLHL13	X	117897813	118117340
GATA1	X	48786540	48794311
OGT	X	71533087	71575892
IRAK1	X	154010506	154019902
NR0B1	X	30304206	30309390
RBBP7	X	16839283	16870362
BEX2	X	103309346	103311007
ZC4H2	X	64915802	65034713
DMD	X	31097677	33339609
FOXP3	X	49250438	49264800
PGK1	X	77910739	78129295
RHOXF2	X	120158613	120165630
ZBTB33	X	120250752	120258398
HUWE1	X	53532096	53686752
HMGB3	X	150980509	150990771
NOX1	X	100843324	100874359
FGF13	X	138614727	139222777
GLRA2	X	14529298	14731812
LAMP2	X	120426148	120469365
DCX	X	111293779	111412429
IL13RA1	X	118727133	118794535
TCEANC	X	13653112	13681964
ALG13	X	111665811	111760649
TKTL1	X	154295795	154330350
NXF3	X	103075810	103093143
NRK	X	105822539	105958610
GYG2	X	2828822	2882818
PIM2	X	48913182	48919024
GLA	X	101393273	101408012
GABRA3	X	152166234	152451315
AR	X	67544021	67730619
KDM6A	X	44873188	45112779
TSPAN7	X	38561542	38688920
ENOX2	X	130622325	130903234
PAGE4	X	49793653	49834264
USP27X	X	49879484	49882558
TAF1	X	71366136	71532374
DDX3X	X	41333348	41364472
DDX53	X	22999960	23003589
SPIN3	X	56818298	56995827
CSF2RA	X	1268793	1325373
ELK1	X	47635520	47650604
LONRF3	X	118974614	119022925
PBDC1	X	76173040	76178755
IL9R	X	155997696	156013017
FOXO4	X	71095851	71103535
EZHIP	X	51406948	51408843
TMEM164	X	110002631	110184247
NKRF	X	119588337	119606443
RTL8C	X	135032355	135033546
PEBP4	8	22713251	23000000
EGR3	8	22687659	22693480
EBF2	8	25841725	26045413
MSR1	8	16107878	16567490
DPYSL2	8	26514031	26658178
LEPROTL1	8	30095408	30177208
ADRA1A	8	26748150	26867278
NKX3-1	8	23678697	23682938
LOXL2	8	23296897	23425328
PNMA2	8	26504701	26514092
LYN	8	55879835	56014169
NEFM	8	24913758	24919098
ZFHX4	8	76681239	76867281
SULF1	8	69466624	69660915
STAU2	8	73420369	73747708
TRPA1	8	72019917	72075584
YWHAZ	8	100916523	100953388
WRN	8	31033788	31176138
RIDA	8	98102344	98117171
WWP1	8	86342547	86478420
KCNV1	8	109963636	109975771
LAPTM4B	8	97775057	97853013
CHRNB3	8	42697366	42737407
TSPYL5	8	97273488	97277928
UBR5	8	102252273	102412759
EYA1	8	71197433	71592025
PTDSS1	8	96261902	96336995
TNFRSF11B	8	118923557	118951885
SNAI2	8	48917598	48921740
CCN3	8	119416446	119424434
FBXO43	8	100133351	100145817
PTK2B	8	27311482	27459391
CPA6	8	67422038	67746378
STK3	8	98371228	98942827
TOX	8	58805412	59119147
MAL2	8	119165034	119245673
SDC2	8	96493813	96611790
GRHL2	8	101492439	101669726
NCOA2	8	70109782	70403808
TG	8	132866958	133134903
CYP11B2	8	142910559	142917843
RSPO2	8	107899316	108083642
THEM6	8	142727223	142736927
BAALC	8	103140713	103230305
ATP6V1H	8	53715543	53843558
PENK	8	56436674	56446671
SFRP1	8	41261962	41309473
TRIM55	8	66126896	66175485
CRH	8	66176376	66178464
HAS2	8	121612116	121641440
CCN4	8	133191039	133231690
SPAG1	8	100157906	100259278
STMN2	8	79611117	79666158
JPH1	8	74234700	74321540
TTPA	8	63048553	63086053
YTHDF3	8	63168553	63212786
NEFL	8	24950955	24956721
HSF1	8	144291591	144314720
DGAT1	8	144314584	144326910
NAT1	8	18170477	18223689
NDRG1	8	133237175	133302022
TRPS1	8	115408496	115809673
FNTA	8	43034194	43085788
ENPP2	8	119557086	119673453
COPS5	8	67043079	67083783
MAPK15	8	143716340	143722458
SCRIB	8	143790920	143815773
SHARPIN	8	144098633	144108124
HGH1	8	144137774	144140851
FBXO25	8	406428	477967
TRHR	8	109086585	109121565
NUDCD1	8	109240919	109334121
KCNK9	8	139600838	139704109
CHRAC1	8	140511311	140517154
PLEKHA2	8	38901235	38973912
TERF1	8	73008856	73048123
CSPP1	8	67062417	67196778
PLAT	8	42174718	42207709
POLB	8	42338454	42371808
GSR	8	30678066	30727846
ADAM9	8	38996754	39105445
REEP4	8	22138020	22141951
RMDN1	8	86468257	86514357
CNGB3	8	86553977	86743675
FZD3	8	28494205	28574267
IKBKB	8	42271302	42332460
PTP4A3	8	141391995	141432454
TIGD5	8	143597831	143603224
KCNU1	8	36784324	36936125
VPS13B	8	99013266	99877580
SLC30A8	8	116950273	117176714
ANGPT2	8	6499632	6563409
GATA4	8	11676959	11760002
MCPH1	8	6406592	6648508
IDO1	8	39902275	39928790
EFR3A	8	131904093	132013642
UTP23	8	116766505	116849463
TNFRSF10B	8	23020133	23069031
TNFRSF10C	8	23102921	23117445
TNFRSF10D	8	23135588	23164027
TNFRSF10A	8	23190452	23225102
GPT	8	144502973	144507174
RECQL4	8	144511288	144517845
SNX16	8	81799581	81842866
TONSL	8	144428775	144444440
GDF6	8	96142333	96160806
PLEC	8	143915153	143976734
ELOC	8	73939169	73972307
LY96	8	73991392	74029079
OSR2	8	98944403	98952104
CCAR2	8	22604757	22620964
LRATD2	8	126552443	126558478
PRNCR1	8	127079874	127092600
CTHRC1	8	103371538	103382989
PTK2	8	140657900	141002216
MCM4	8	47960185	47978160
RIPK2	8	89757806	89791064
OSGIN2	8	89901849	89927888
NBN	8	89924515	90003228
PRKDC	8	47773111	47960178
ERLIN2	8	37736601	37758422
ADGRA2	8	37784191	37844896
ADRB3	8	37962990	37966599
EIF4EBP1	8	38030534	38060365
STAR	8	38142700	38150992
CHRNA2	8	27459756	27479883
PBK	8	27809624	27838082
PNOC	8	28316986	28343355
ZNF395	8	28345590	28402701
FBXO16	8	28348287	28490278
ADAM28	8	24294069	24359014
ADAMDEC1	8	24384285	24406013
RRS1	8	66429014	66430733
DEFB103B	8	7428888	7430348
DEFB4A	8	7894677	7896716
ASH2L	8	38105493	38144076
PDLIM2	8	22578279	22598025
CHD7	8	60678740	60868028
FGFR1	8	38400215	38468834
SQLE	8	124998497	125022283
CHRNA6	8	42752620	42796392
HOOK3	8	42896946	43030535
ANK1	8	41653220	41896741
PDGFRL	8	17576433	17644071
PKIA	8	78516340	78605267
ZC2HC1A	8	78666050	78719765
ANGPT1	8	107249482	107498055
MSC	8	71841560	71844412
HEY1	8	79762371	79767857
CYHR1	8	144449582	144462871
OPRK1	8	53225724	53251637
MYC	8	127735434	127742951
SOX17	8	54457935	54460892
RBPMS	8	30384511	30572256
IL7	8	78675743	78805523
GNRH1	8	25419258	25424654
KCTD9	8	25427847	25458476
CDCA2	8	25459199	25507911
NAT2	8	18391282	18401218
PSD3	8	18527303	19084730
LPL	8	19901717	19967259
AP3M2	8	42152946	42171673
ZBTB10	8	80485619	80526265
FZD6	8	103298433	103332866
BLK	8	11486894	11564599
ZFAT	8	134477788	134713049
GSDMC	8	129748196	129786624
RUNX1T1	8	91954972	92103385
DEFA6	8	6924697	6926076
DEFA1	8	6977649	6980092
TNKS	8	9555912	9782346
RP1L1	8	10606349	10712187
ARC	8	142611049	142614479
SLC20A2	8	42416475	42541926
CALB1	8	90058608	90095475
TCIM	8	40153482	40155310
ADGRB1	8	142449430	142545009
JRK	8	142657460	142681968
LZTS1	8	20246165	20303963
FDFT1	8	11795573	11839395
TRIB1	8	125430358	125438403
CASC8	8	127289667	127482139
PCAT1	8	126556323	127419050
DEPTOR	8	119873717	120050918
XPO7	8	21919662	22006585
CYP7A1	8	58490178	58500163
EPHX2	8	27490781	27548615
PVT1	8	127794513	128188202
TOP1MT	8	143304384	143359979
CCAT2	8	127400399	127402150
CNTLN	9	17134982	17503923
PSIP1	9	15464066	15510995
APTX	9	32886601	33025130
NFX1	9	33290512	33371157
PAX5	9	36833269	37034268
GNAQ	9	77716097	78031811
ZFAND5	9	72351413	72365235
GADD45G	9	89605012	89606555
NINJ1	9	93121496	93134251
VPS13A	9	77177445	77421537
LMX1B	9	126613928	126701032
DAPK1	9	87497228	87708634
BRINP1	9	119153458	119369435
NCBP1	9	97633668	97673748
INVS	9	100099243	100302175
NR6A1	9	124517275	124771311
SPIN1	9	88388430	88478694
PLIN2	9	19108375	19149290
RXRA	9	134317098	134440585
PBX3	9	125747345	125967377
ROR2	9	91563091	91950228
MELK	9	36572862	36677683
EHMT1	9	137618992	137870016
PTGES	9	129738331	129753042
RALGPS1	9	126914774	127223166
PAPPA	9	116153791	116402321
SH2D3C	9	127738317	127778710
CDK9	9	127785679	127790792
GLIPR2	9	36136536	36163913
NAIF1	9	128061233	128068206
ASPN	9	92456205	92482506
CREB3	9	35732598	35736999
SPAG8	9	35808045	35812272
SPAAR	9	35909490	35937153
ZMYND19	9	137582081	137590512
TRAF1	9	120902393	120929173
BAAT	9	101354182	101385400
GDA	9	72114595	72257193
JAK2	9	4984390	5129948
C8G	9	136945185	136946975
CLIC3	9	136994608	136996568
FUT7	9	137030174	137032088
ENTPD2	9	137048107	137054061
SAPCD2	9	137062127	137070557
TEK	9	27109141	27230174
ACTL7A	9	108862266	108863756
CTNNAL1	9	108942569	109013522
FIBCD1	9	130902438	130939286
PRDM12	9	130664594	130682986
RC3H2	9	122844556	122905359
TJP2	9	69121264	69274615
EGFL7	9	136658856	136672678
RABL6	9	136807943	136841187
TAL2	9	105662457	105663124
OLFM1	9	135075422	135121180
FKTN	9	105558122	105653820
AIF1L	9	131096476	131123152
MPDZ	9	13105706	13279692
TNFSF15	9	114784652	114806039
CTSL	9	87724051	87731469
FREM1	9	14737152	14910995
NIPSNAP3A	9	104747683	104760120
ABCA1	9	104781006	104928155
SAXO1	9	18858906	19049358
DNAI1	9	34457414	34520988
CCL27	9	34661880	34664048
CCL19	9	34689570	34691276
SIGMAR1	9	34634722	34637844
ABO	9	133233278	133276024
SURF6	9	133328776	133336188
RECK	9	36036913	36124455
NOTCH1	9	136494433	136546048
VLDLR	9	2621182	2660056
SH3GLB2	9	129007036	129028331
ZER1	9	128729786	128772414
SEMA4D	9	89360787	89498130
ASTN2	9	116423112	117415070
POMT1	9	131502789	131523806
KCNT1	9	135702185	135795508
UBAP2	9	33921693	34049388
DNAJB5	9	34989641	34998900
MAN1B1	9	137086857	137109189
FBP1	9	94603133	94640249
NCS1	9	130172404	130237303
ECPAS	9	111360685	111484745
DMRT2	9	1049858	1057552
ALAD	9	113386312	113401290
IFNB1	9	21077104	21077942
IFNW1	9	21140632	21141832
SEC16A	9	136440096	136483759
PTGS1	9	122370530	122395703
DDX31	9	132592997	132670401
CA9	9	35673928	35681159
LPAR1	9	110873263	111038470
SVEP1	9	110365248	110579880
NTNG2	9	132162058	132244526
CD72	9	35609982	35646810
NTRK2	9	84668375	85095751
PAEP	9	135561756	135566955
CNTNAP3	9	39064710	39288315
CRB2	9	123356170	123380324
ALDH1B1	9	38392702	38398661
MLANA	9	5890889	5910606
IL11RA	9	34652162	34661902
FKBP15	9	113161006	113221458
AQP7	9	33383179	33402682
NR4A3	9	99821855	99866891
OBP2A	9	135546126	135549969
NUP214	9	131125573	131234663
ANGPTL2	9	127087348	127122635
CARD9	9	136363956	136373681
FANCC	9	95099054	95426796
NEK6	9	124257606	124353307
NR5A1	9	124481236	124507420
IFNA17	9	21227243	21228222
IFNA2	9	21384255	21385398
IFNA8	9	21409117	21410185
IFNA1	9	21440439	21441316
CDKN2A	9	21967752	21995301
RLN2	9	5299864	5304716
RLN1	9	5334930	5339876
CD274	9	5450503	5470566
PDCD1LG2	9	5510531	5571282
LINGO2	9	27937617	29213601
S1PR3	9	88990863	89005155
CKS2	9	89311195	89316703
ALG2	9	99216425	99221942
PTPA	9	129110950	129148946
TOR1A	9	129812942	129824244
FUBP3	9	130578965	130638352
PTPDC1	9	94030794	94109856
GOLGA2	9	128255829	128276026
TLR4	9	117704175	117724735
BNC2	9	16409503	16870843
TDRD7	9	97412096	97496125
INSL4	9	5231419	5235304
SMARCA2	9	1980290	2193624
ABL1	9	130713043	130887675
TNFSF8	9	114893343	114930595
TNC	9	115019575	115118207
DNM1	9	128191655	128255248
RNF38	9	36336396	36487548
COL5A1	9	134641803	134844843
FCN2	9	134880810	134887523
FCN1	9	134903232	134917912
NACC2	9	136006537	136095289
SNX30	9	112750760	112881671
GRIN1	9	137138346	137168756
ADGRD2	9	124450451	124478589
SLC1A1	9	4490468	4587469
C5	9	120932987	121075195
ANKS6	9	98731329	98796965
WDR5	9	134135365	134159968
PTCH1	9	95442980	95517057
ENG	9	127811130	127854773
TGFBR1	9	99104038	99154192
TSC1	9	132891348	132946874
GABBR2	9	98288109	98708935
DDX58	9	32455302	32526348
IL33	9	6215786	6257983
CACNA1B	9	137877782	138124624
TRPM3	9	70529060	71446977
CEMIP2	9	71683366	71816690
RORB	9	74497335	74693177
TRPM6	9	74722495	74888094
PUM3	9	2720469	2844095
NTMT1	9	129608884	129636135
BRD3	9	134030305	134068535
DNAJA1	9	33025273	33039907
IFNA7	9	21201469	21202205
XPA	9	97674909	97697340
FOXE1	9	97853226	97856717
SYK	9	90801787	90898549
TRAF2	9	136881912	136929221
PCA3	9	76691980	76863307
MTAP	9	21802636	21937651
CDKN2B	9	22002903	22009305
KLF4	9	107484852	107490482
TOLLIP	11	1274371	1309654
MUC5B	11	1223066	1262172
BRSK2	11	1389899	1462689
CALCB	11	14904997	15082342
MUC5AC	11	1157953	1201138
ANO3	11	26188842	26663289
CAT	11	34438934	34472060
SPON1	11	13962723	14268133
FOLH1	11	49145092	49208638
ABTB2	11	34150987	34358010
TSPAN18	11	44726465	44932423
EEF1G	11	62559596	62574086
CNTF	11	58622665	58625733
MMP8	11	102711796	102727050
NOX4	11	89324353	89498187
GAL	11	68683779	68691175
RELT	11	73376399	73397474
TRPC6	11	101451564	101872562
PDGFD	11	103907189	104164379
ELMOD1	11	107591091	107666779
P4HA3	11	74235801	74311640
FDX1	11	110429948	110464884
SIAE	11	124633113	124695707
CRTAM	11	122838500	122872643
BARX2	11	129375848	129452279
FEZ1	11	125442881	125592568
SLC17A6	11	22338381	22379503
UBASH3B	11	122655722	122814473
PANX3	11	124611428	124620356
PKNOX2	11	125164687	125433389
SERPINH1	11	75562056	75572783
POU2F3	11	120236640	120319945
SLC22A12	11	64590641	64602353
PYGM	11	64746389	64759974
MAP4K2	11	64784918	64803241
CDC42BPG	11	64823052	64844653
HBG1	11	5248269	5249857
PNPLA2	11	818914	825573
CD151	11	832887	839831
NKAPD1	11	112074086	112085150
GUCY1A2	11	106674019	107018476
PAK1	11	77322017	77474635
GRIK4	11	120511746	120988906
NAA40	11	63938959	63957319
RNF121	11	71929018	71997597
ADM	11	10305073	10307397
CRY2	11	45847118	45883248
MAPK8IP1	11	45885651	45906465
FAM76B	11	95768953	95790409
FIBP	11	65883740	65888531
FOSL1	11	65892049	65900573
SART1	11	65961728	65980137
EIF1AD	11	65996545	66002176
CD248	11	66314494	66317044
B4GAT1	11	66345374	66347629
FEN1	11	61792911	61797238
FADS1	11	61799627	61829318
MYOD1	11	17719571	17722136
KCNC1	11	17734774	17856804
REXO2	11	114439435	114450279
FOLR1	11	72189558	72196323
SSRP1	11	57325986	57335892
PRG2	11	57386780	57390650
CPT1A	11	68754620	68844410
INSC	11	15112424	15247208
IGSF9B	11	133896438	133956968
SPA17	11	124673844	124697518
EHF	11	34621093	34663288
LPXN	11	58526871	58578220
SCN4B	11	118133377	118152888
ALG9	11	111782195	111871581
ATL3	11	63624087	63671921
SAA4	11	18231355	18236802
TTC9C	11	62728069	62740293
ZBTB3	11	62748319	62754184
POLR2G	11	62761565	62766710
NXF1	11	62792123	62806302
KCNJ1	11	128836315	128867373
PPP1CA	11	67398181	67421183
CORO1B	11	67435510	67443821
KCNA4	11	30009730	30017030
BAD	11	64269830	64284704
ESRRA	11	64305497	64316743
CTSC	11	88265069	88359684
ARNTL	11	13276652	13387266
SNX19	11	130866250	130916479
FAM168A	11	73400487	73598189
CABP4	11	67452406	67461752
VEGFB	11	64234584	64239264
KAT5	11	65711996	65719604
AP5B1	11	65773898	65780976
MTNR1B	11	92969651	92985066
FAT3	11	92224818	92896473
MPPED2	11	30384493	30586872
DDX25	11	125903348	125943702
WEE1	11	9573670	9593457
CD6	11	60971680	61020377
ART1	11	3645128	3664416
PGAP2	11	3797724	3826371
RRM1	11	4094707	4138932
CTTN	11	70398404	70436584
PRCP	11	82822936	82970584
SIRT3	11	215030	236931
NLRP6	11	278407	285388
P2RY2	11	73218281	73242427
P2RY6	11	73264498	73305103
IFITM1	11	310041	315272
TMEM126A	11	85647967	85656547
ILK	11	6603708	6610874
LRRC32	11	76657524	76670747
TMEM45B	11	129815848	129860003
PRDM10	11	129899706	130002835
ST14	11	130159782	130210362
TMEM9B	11	8947202	8965011
IPO7	11	9384652	9448127
CD5	11	61102489	61127852
PGA3	11	61203307	61213098
DDB1	11	61299451	61342596
MTA2	11	62593214	62601865
GANAB	11	62624826	62646726
CHRM1	11	62908679	62921807
WDR74	11	62832342	62841809
MCAM	11	119308529	119321521
GRK2	11	67266473	67286556
ANKRD13D	11	67289300	67302485
SLC22A8	11	62989154	63015841
SLC22A9	11	63369785	63410294
TRIM5	11	5663195	5938619
FADS2	11	61792980	61867354
ZBTB16	11	114059041	114256765
ZPR1	11	116773799	116788039
SIK3	11	116843402	117098437
RBM14	11	66616626	66629934
KCNJ11	11	17365172	17389331
AIP	11	67468174	67491154
CTNND1	11	57753243	57819546
TSG101	11	18468336	18526951
UEVLD	11	18529609	18588747
CDKN1C	11	2883213	2885775
MMP12	11	102862736	102874982
BACE1	11	117285232	117316259
HTR3A	11	113975075	113990313
RIC8A	11	207708	215113
DPAGT1	11	119096025	119108331
CHRM4	11	46383789	46391776
DCDC1	11	30830369	31369810
DKK3	11	11956207	12009769
GRM5	11	88504576	89065982
SOX6	11	15966449	16739591
SLCO2B1	11	75100563	75206549
ARRB1	11	75260122	75351705
CD3E	11	118304730	118316175
PCNX3	11	65615776	65637439
FADD	11	70203296	70207390
ANO1	11	69985907	70189530
NUMA1	11	72002864	72080693
PGR	11	101029624	101129813
MMP13	11	102942995	102955732
FOLR2	11	72216601	72221950
P2RX3	11	57338352	57372396
INPPL1	11	72223701	72239147
CD44	11	35138882	35232402
NAV2	11	19350724	20121601
NUCB2	11	17208153	17349980
PANX1	11	94128841	94181968
GPR83	11	94377316	94401419
H2AFX	11	119093874	119095465
APLNR	11	57233577	57237250
HPS5	11	18278668	18322198
POU2AF1	11	111352255	111455630
SIK2	11	111602449	111730855
PTPN5	11	18727928	18792721
MRGPRX2	11	19054455	19060717
JAM3	11	134069071	134152001
THYN1	11	134248279	134253370
AP2A2	11	924881	1012245
DHCR7	11	71428193	71452868
FOXRED1	11	126269024	126278131
TSPAN4	11	842812	867116
DDX10	11	108665058	108940999
RNF26	11	119334527	119337309
MFRP	11	119338942	119346705
THY1	11	119415476	119424985
CCND1	11	69641156	69654474
FGF19	11	69698238	69704022
FGF4	11	69771022	69775341
CXCR5	11	118883892	118897787
UPK2	11	118925164	118958559
MS4A1	11	60455846	60470752
LMO1	11	8224309	8268716
STK33	11	8391868	8594289
PAX6	11	31784779	31817961
SYTL2	11	85694224	85811159
HYOU1	11	119044188	119057227
GAB2	11	78215293	78418348
EMSY	11	76444923	76553031
TH	11	2163929	2171815
ASCL2	11	2268498	2270588
CD3G	11	118344344	118355161
CASP1	11	105025397	105035250
SNX15	11	65027439	65040572
SAC3D1	11	65040901	65044828
ZFPL1	11	65084210	65088398
SYVN1	11	65121780	65134532
CAPN1	11	65180566	65212006
TSSC4	11	2400488	2403878
IL10RA	11	117986370	118003037
CAVIN3	11	6318946	6320532
SMPD1	11	6390440	6394998
KCNK4	11	64291302	64300031
FUT4	11	94543921	94549895
NECTIN1	11	119623408	119729200
FLI1	11	128686535	128813267
MOB2	11	1469457	1501247
SESN3	11	95165513	95232541
TRAF6	11	36483769	36510272
RAG1	11	36510372	36593156
PC	11	66848417	66958386
SLC37A4	11	119023751	119030906
RELA	11	65653599	65663090
CHKA	11	68052859	68121444
LRP5	11	68312591	68449275
MRE11	11	94415570	94493885
IRF7	11	612553	615983
PTPRJ	11	47980425	48170839
FERMT3	11	64205926	64223896
STIM1	11	3854527	4093210
IL18BP	11	71998613	72007315
DDB2	11	47214465	47239217
NR1H3	11	47248300	47269033
CBL	11	119206298	119313926
SLC3A2	11	62856004	62888880
TIRAP	11	126282497	126298845
PTH	11	13492054	13496181
TMPRSS13	11	117900641	117929459
DPF2	11	65333843	65354262
NAP1L4	11	2944431	2992377
ROBO4	11	124883691	124898500
HEPACAM	11	124919205	124936412
API5	11	43311963	43344529
HIPK3	11	33256672	33357023
LMO2	11	33858576	33892076
NAT10	11	34105617	34147670
NRXN2	11	64606174	64723197
CCKBR	11	6259806	6272127
CHRDL2	11	74696429	74731426
TRIM66	11	8612037	8682694
CALCA	11	14966622	14972354
ETS1	11	128458761	128587558
CD59	11	33703010	33736479
LDHA	11	18394560	18408425
SLC1A2	11	35251205	35420063
NUP98	11	3671083	3797792
ZNF408	11	46701030	46705912
F2	11	46719196	46739506
CKAP5	11	46743048	46846308
PICALM	11	85957175	86069882
FZD4	11	86945679	86955395
DEPDC7	11	33015876	33033582
OTUB1	11	63985853	64001811
MARK2	11	63838928	63911020
NPAS4	11	66421035	66426707
KMT2A	11	118436456	118526832
PDE2A	11	72576141	72674591
MTCH2	11	47617315	47642607
TRIM21	11	4384897	4393702
GPR137	11	64270062	64289494
YAP1	11	102110447	102233424
BIRC2	11	102347211	102378670
TMEM123	11	102396332	102470384
NCAM1	11	112961275	113278436
TTC12	11	113314579	113383544
ANKK1	11	113387779	113400416
DRD2	11	113409605	113475691
B3GAT1	11	134378504	134412242
MEN1	11	64803510	64811294
ATG2A	11	64894546	64917209
HRAS	11	532242	537321
CHEK1	11	125625163	125676255
ACRV1	11	125671522	125680874
SPI1	11	47354860	47409369
KCNQ1	11	2444654	2849105
ATM	11	108222804	108369102
TPH1	11	18017555	18046269
DDX6	11	118747763	118791164
SIGIRR	11	405715	417455
FAR1	11	13668659	13732346
TMX2	11	57712580	57742987
ABCC8	11	17392498	17476894
PPFIA1	11	70270690	70385312
HSPA8	11	123057489	123063230
CCDC86	11	60842113	60851081
PTGDR2	11	60850933	60855950
PRPF19	11	60890547	60906585
TMEM109	11	60913907	60923443
LGR4	11	27365961	27472790
BDNF	11	27654893	27722058
NELL1	11	20669551	21575686
MAML2	11	95976598	96343195
ACAT1	11	108116695	108148957
CD82	11	44564427	44620363
UCP2	11	73974061	73982843
SCGB1D1	11	62190216	62193539
SCGB1D2	11	62242239	62244812
CSRP3	11	19182030	19210571
HTATIP2	11	20363685	20383782
SLC6A5	11	20599594	20659285
EED	11	86201212	86279807
IL18	11	112143251	112164096
WT1	11	32387775	32435564
CUL5	11	108008898	108107761
NPAT	11	108155280	108222638
SNHG1	11	62851833	62856444
MICAL2	11	12094008	12362140
UQCC3	11	62670273	62673686
H19	11	1995165	2004552
IGF2	11	2129112	2158391
CBLIF	11	59829273	59845499
MS4A2	11	60088261	60098467
SORL1	11	121452314	121633763
ATP5F1C	10	7788147	7807815
ITIH5	10	7559270	7666998
MRC1	10	17809348	17911164
CUBN	10	16823966	17129811
PIP4K2A	10	22534854	22714578
MKX	10	27672874	27746060
GDF2	10	47322454	47327588
ENKUR	10	24981979	25062279
UBE2D1	10	58334979	58370751
NRP1	10	33177492	33336262
SPAG6	10	22345445	22454224
DKK1	10	52314281	52318042
KIF5B	10	32009015	32056425
MINPP1	10	87504875	87553461
TFAM	10	58385345	58399220
GRID1	10	85599552	86366795
MYOF	10	93306429	93482334
HHEX	10	92689955	92695647
CYP2C19	10	94762681	94855547
CPEB3	10	92046692	92291078
BTRC	10	101354033	101557321
DNTT	10	96304409	96338564
GSTO1	10	104235356	104267459
ARMH3	10	101845599	102056193
CACUL1	10	118674167	118755249
MGMT	10	129467190	129770983
TACC2	10	121989163	122254545
HABP2	10	113550837	113589602
KCNK18	10	117197489	117210299
HTRA1	10	122458551	122514907
XPNPEP1	10	109864766	109923553
SLC18A2	10	117241093	117279430
GPR26	10	123666355	123697399
STK32C	10	132207492	132331847
TCERG1L	10	131092391	131311721
VAX1	10	117128521	117138301
CPXM2	10	123706207	123940267
GPR158	10	25174802	25602229
EMX2	10	117542445	117549546
RTKN2	10	62183035	62268844
OPALIN	10	96343221	96359365
PSD	10	102402617	102421539
CUEDC2	10	102423245	102432584
PLAU	10	73909177	73917496
WASHC2A	10	50067888	50133509
BAG3	10	119651380	119677819
VCL	10	73995193	74121363
CALML3	10	5524961	5526771
CEP55	10	93496612	93529092
FRA10AC1	10	93667883	93702592
INA	10	103277138	103290346
NOC3L	10	94333226	94362959
MBL2	10	52765380	52772784
LIPF	10	88664441	88678814
DUSP5	10	110497907	110511533
MTPAP	10	30309801	30374448
ANXA8	10	47460162	47484158
NEBL	10	20779973	21293011
CFAP43	10	104129888	104232364
SUPV3L1	10	69180234	69209099
KIF11	10	92574105	92655395
NOLC1	10	102152176	102163871
CABCOCO1	10	61662929	61766766
IFIT1	10	89392546	89406487
GTPBP4	10	988434	1019932
DDX50	10	68901286	68946847
VSIR	10	71747556	71773520
CDH23	10	71396920	71815947
PPIF	10	79347469	79355334
WAPL	10	86435256	86521792
CYP2C9	10	94938658	94990091
CYP2C8	10	95036772	95069497
ENTPD1	10	95711779	95877266
CH25H	10	89205629	89207317
LIPA	10	89213569	89414557
IFIT3	10	89327307	89377473
PDZD7	10	101007679	101032295
IFIT2	10	89283694	89309271
ADAM8	10	133262420	133276868
ECHS1	10	133362485	133373354
ERCC6	10	49454168	49539538
NCOA4	10	46005088	46030623
EIF5AL1	10	79512533	79516440
HMX2	10	123148136	123150672
SLC16A9	10	59650764	59736002
KCNIP2	10	101825974	101843920
KNDC1	10	133160219	133226412
MMRN2	10	86935540	86969481
SHLD2	10	87094161	87191465
ADGRA1	10	133087924	133131675
ZEB1	10	31318495	31529814
EIF4EBP2	10	70404145	70428618
NODAL	10	70431936	70447951
GLUD1	10	87050202	87094843
SIRT1	10	67884656	67918390
DNAJB12	10	72332830	72355149
LBX1	10	101226994	101229463
ADAM12	10	126012381	126388477
MPP7	10	28050993	28334486
HNRNPF	10	43385617	43409186
PRF1	10	70597348	70602759
PCBD1	10	70882280	70888565
BNIP3	10	131967684	131981967
ATOH7	10	68230595	68232113
PBLD	10	68282660	68333049
TACR2	10	69403903	69416918
ZMIZ1	10	79068966	79316519
SMC3	10	110567684	110606048
LDB3	10	86666785	86736072
GBF1	10	102245371	102382899
BTAF1	10	91923770	92031437
SVIL	10	29457338	29736959
PLCE1	10	93993931	94332823
PDCD4	10	110871795	110900006
ADRA2A	10	111077029	111080907
EGR2	10	62811996	62819167
MAPK8	10	48306639	48439360
DDX21	10	68956135	68985068
ECD	10	73130155	73169055
DNAJC9	10	73183362	73247255
GHITM	10	84139482	84154841
CDHR1	10	84194537	84219621
LRRC20	10	70298970	70382650
BMI1	10	22321099	22331484
ADRB1	10	114043866	114046904
GPRIN2	10	46541736	46556658
PLEKHA1	10	122374696	122432354
WDFY4	10	48684873	48982956
LARP4B	10	806933	931821
CASP7	10	113679162	113730907
IL15RA	10	5943639	5978187
BLNK	10	96189171	96271587
PARD3	10	34109560	34815325
ANKRD30A	10	37125598	37232567
CNNM1	10	99329356	99394330
GOT1	10	99396870	99430624
AFAP1L2	10	114294824	114404756
OPTN	10	13099449	13138308
FAS	10	88953813	89029605
IL2RA	10	6010689	6062370
PFKFB3	10	6144934	6254644
CYP17A1	10	102830531	102837472
NT5C2	10	103087185	103277605
SLC29A3	10	71319259	71381423
NFKB2	10	102394110	102402524
COL17A1	10	104031286	104085880
HELLS	10	94545329	94613905
TASOR2	10	5684731	5763779
PFKP	10	3066333	3137718
NPM3	10	101781325	101783446
NKX2-3	10	99532942	99536524
CCDC6	10	59788747	59906556
CDK1	10	60778331	60794852
CFAP46	10	132808392	132942823
GATA3	10	8045378	8075198
HK1	10	69269984	69401884
CCDC7	10	32446140	32882874
TCF7L2	10	112950247	113167678
WDR37	10	1049538	1160991
IDE	10	92451684	92574096
OIT3	10	72893584	72933036
P4HA1	10	73007217	73096974
PAX2	10	100735396	100829944
HTR7	10	90740823	90858039
TRUB1	10	114938195	114977676
VDAC2	10	75210154	75231448
CAMK2G	10	73812501	73874591
CUL2	10	35008504	35127006
KCNMA1	10	76869601	77638369
MKI67	10	128096659	128126423
SFRP5	10	97766751	97771999
CRTAC1	10	97865000	98030828
HPSE2	10	98457077	99235862
ABCC2	10	99782640	99852594
CHUK	10	100188300	100229596
BLOC1S2	10	100273280	100286680
PKD2L1	10	100288149	100330264
SFXN2	10	102714538	102743492
SORCS1	10	106573663	107164706
FGFR2	10	121478332	121598458
CDC123	10	12195965	12250589
CXCL12	10	44370165	44386493
RUFY2	10	68341107	68407294
TET1	10	68560337	68694487
EIF3A	10	119033670	119080817
GRK5	10	119207571	119459745
DUSP13	10	75094432	75106499
CUZD1	10	122832158	122846175
BMPR1A	10	86755786	86932825
PTEN	10	87862638	87971930
RET	10	43077064	43130351
MAT1A	10	80271820	80289658
DYDC1	10	80336105	80356755
PRXL2A	10	80407829	80437115
TSPAN14	10	80454265	80533124
EDRF1	10	125719515	125764143
MMP21	10	125753580	125775821
BCCIP	10	125823546	125853695
CTBP2	10	124984317	125161170
CCNY	10	35247025	35572669
PRKCQ	10	6427143	6580301
RASSF4	10	44959407	44995891
ALOX5	10	45374176	45446119
RBM20	10	110644336	110839471
GAD2	10	26216665	26304558
C1QL3	10	16513734	16521879
RRP12	10	97356357	97426076
AKR1C3	10	5035354	5107686
KCNA5	12	5043879	5046788
MFAP5	12	8637346	8662888
ETV6	12	11649674	11895377
CLEC9A	12	10030678	10066031
LRP6	12	12116025	12267044
OLR1	12	10158301	10172138
CLEC4D	12	8509475	8522366
CLEC7A	12	10116777	10130258
A2ML1	12	8822621	8887001
CLEC6A	12	8455962	8478330
PARP11	12	3791047	3873448
NTF3	12	5432108	5521536
THAP2	12	71664301	71680644
ITGB7	12	53191323	53207282
PAWR	12	79574979	79690964
PPM1H	12	62643994	62935150
CPSF6	12	69239569	69274358
ALX1	12	85280220	85301784
DIP2B	12	50504985	50748657
TPH2	12	71938845	72186618
CAND1	12	67269358	67319953
NUP107	12	68686951	68745809
ELK3	12	96194375	96269824
CDK17	12	96278261	96400480
CMKLR1	12	108288044	108339317
WASHC3	12	102012840	102062149
CCT2	12	69585426	69601570
NR1H4	12	100473708	100564414
PLXNC1	12	94148577	94307675
MON2	12	62466817	62600476
DAZAP2	12	51238724	51271362
SOCS2	12	93569814	93583487
TMTC3	12	88142296	88199887
LTA4H	12	96000753	96043520
NTN4	12	95657807	95791189
RBM19	12	113816738	113966325
PAH	12	102836889	102958410
DRAM1	12	101877580	102012130
TSPAN8	12	71125085	71441898
LGR5	12	71439798	71586310
ADGRD1	12	130953907	131141469
ASCL1	12	102957674	102960513
P2RX7	12	121132819	121188032
SLC17A8	12	100357074	100422055
TBX3	12	114670255	114684175
ADIPOR2	12	1688574	1788674
KLRG1	12	8950044	9010760
PZP	12	9148840	9208395
TBX5	12	114353911	114408442
GLI1	12	57459785	57472268
TSPAN31	12	57738013	57750219
CDK4	12	57747727	57756013
IL31	12	122172029	122174221
CLSTN3	12	7129698	7158945
AVPR1A	12	63142759	63151201
WASHC4	12	105107324	105169130
TNS2	12	53046969	53064379
RAD52	12	911736	990053
TRPV4	12	109783087	109833406
FKBP11	12	48921518	48926474
LAG3	12	6772512	6778455
CD4	12	6786858	6820799
GPR162	12	6821624	6829972
GNB3	12	6839954	6847393
ENO2	12	6913745	6923698
PTPN6	12	6946468	6961316
ATXN2	12	111443485	111599676
FGF23	12	4368227	4379712
CCND2	12	4269771	4305353
GDF11	12	55743122	55757264
LPAR5	12	6618835	6635960
ACRBP	12	6638075	6647433
TAC3	12	57010000	57028883
NEMP1	12	57055643	57088063
VDR	12	47841537	47943048
COL2A1	12	47972967	48004554
DDX55	12	123602077	123620943
DNAH10	12	123762188	123935720
HSPB8	12	119171555	119224855
PTHLH	12	27958084	27972733
SART3	12	108522214	108561400
TMEM119	12	108589851	108598320
EMP1	12	13196723	13219941
TPCN1	12	113221050	113298585
CORO1C	12	108645109	108731526
KCTD10	12	109448655	109477359
HCAR2	12	122701293	122703357
HCAR3	12	122714756	122716811
CCDC62	12	122774526	122827528
VPS37B	12	122865330	122896127
ACVR1B	12	51951699	51997078
NR4A1	12	52022832	52059507
SCNN1A	12	6346843	6377730
LTBR	12	6375045	6391571
PTGES3	12	56663341	56688408
HSD17B6	12	56752161	56787790
MFSD5	12	53251251	53254406
SP1	12	53380176	53416446
PRR13	12	53441678	53446645
CBX5	12	54230942	54280133
PRKAB1	12	119667864	119681624
PHB2	12	6965327	6970780
HMGA2	12	65824460	65966291
USP5	12	6852148	6866632
CD27	12	6444955	6451718
CDCA3	12	6844793	6851292
CD163	12	7470811	7503893
TBK1	12	64452090	64502114
GNS	12	64713445	64759431
SCARB1	12	124776856	124882668
SFSWAP	12	131711081	131799738
ULK1	12	131894622	131923150
LRRK2	12	40196744	40369285
PTPRQ	12	80402178	80680273
OAS1	12	112905856	112933219
OAS3	12	112938051	112976460
IKZF4	12	56007659	56038435
IL23A	12	56334174	56340410
SLCO1B1	12	21131194	21239796
RECQL	12	21468910	21501669
MPHOSPH9	12	123152320	123244014
SBNO1	12	123289109	123364847
BRI3BP	12	124993645	125031231
SLC11A2	12	50979401	51028566
ZDHHC17	12	76764103	76853696
GLT8D2	12	103988987	104064183
TBC1D30	12	64759484	64881033
ATP2A2	12	110280756	110351093
PYM1	12	55901413	55932618
CDK2	12	55966781	55972789
ERBB3	12	56076799	56103505
PRKAG1	12	49002274	49018807
CDKN1B	12	12685498	12722369
TRAFD1	12	112125538	112153604
HECTD4	12	112160188	112382439
C1RL	12	7089587	7109238
DDIT3	12	57516588	57521737
PWP1	12	107685799	107713162
NTS	12	85874295	85882992
RITA1	12	113185526	113192368
DTX1	12	113056730	113098028
CCDC91	12	28133249	28581511
ABCC9	12	21797389	21942543
ANKRD13A	12	109999186	110039763
GUCY2C	12	14612632	14696599
ERP27	12	14914039	14938537
PDE6H	12	14973042	14981865
KMT2D	12	49018975	49060794
PTPN11	12	112418351	112509918
WNT1	12	48978322	48982620
NOS1	12	117208142	117452170
TMBIM4	12	66135846	66170027
LARP4	12	50392383	50480004
MDM2	12	68808177	68845544
ACACB	12	109116587	109268226
PIWIL1	12	130337887	130372637
RAN	12	130872037	130877678
TMEM120B	12	121712752	121783001
GCN1	12	120127202	120194715
PXN	12	120210439	120265771
WNT5B	12	1529891	1647212
ERC1	12	990509	1495933
RASSF8	12	25958232	26079892
MUC19	12	40393395	40570832
KLRF1	12	9827481	9845007
CLEC2A	12	9898673	9932370
CLEC12A	12	9951316	9995694
CHFR	12	132822187	132956304
R3HDM2	12	57253762	57431043
DPY19L2	12	63558913	63668939
ATF1	12	50763710	50821162
AICDA	12	8602155	8613242
FOXJ2	12	8032716	8055517
C3AR1	12	8056844	8066359
CLEC4A	12	8123617	8138607
IRAK4	12	43758944	43798307
ERGIC2	12	29337352	29381189
TXNRD1	12	104215779	104350307
STAT2	12	56341597	56360203
TNFRSF1A	12	6328757	6342114
KCNH3	12	49539030	49558337
HOXC13	12	53938831	53946544
HOXC11	12	53973126	53977643
FOXM1	12	2857680	2877174
TSPAN9	12	3077355	3286564
PRMT8	12	3381349	3593973
UNG	12	109097597	109126725
POLE	12	132623753	132687376
LMBR1L	12	49097136	49110900
DDX51	12	132136594	132144319
IFNG	12	68154768	68159740
IL26	12	68201349	68225810
IL22	12	68248242	68253604
MDM1	12	68272443	68332381
SCN8A	12	51590266	51812864
SLC6A12	12	190077	214570
CCDC77	12	389273	442642
SOX5	12	23529504	24562544
PMCH	12	102196459	102197833
IGF1	12	102395874	102481744
PGAM5	12	132710819	132722734
ATP2B1	12	89588049	89709366
KCNJ8	12	21764955	21775600
KLRB1	12	9594551	9607916
PRPH	12	49295147	49298686
SPATS2	12	49366584	49527425
MSI1	12	120341330	120369164
FZD10	12	130162459	130165740
RERG	12	15107783	15348675
NCOR2	12	124324415	124567612
SENP1	12	48039784	48106079
CACNA1C	12	1970772	2697950
KRAS	12	25205246	25250936
NOP2	12	6556863	6568691
FAIM2	12	49866896	49904217
AQP5	12	49961872	49965682
RACGAP1	12	49976923	50033136
ASIC1	12	50057548	50083611
HPD	12	121839527	121863596
MLXIP	12	122078756	122147344
ZCCHC8	12	122471600	122500932
ALDH2	12	111766887	111817532
DIABLO	12	122207668	122226062
MTERF2	12	106973120	106987163
ACVRL1	12	51906908	51923361
PKP2	12	32790745	32896798
CUX2	12	111034165	111350554
PHETA1	12	111360651	111369121
GRIN2B	12	13437942	13982002
STAT6	12	57095408	57132139
NT5DC3	12	103770453	103841234
APAF1	12	98645149	98735433
TMPO	12	98515561	98550351
ITGA5	12	54395261	54419266
PRICKLE1	12	42456757	42590355
SLC2A3	12	7919230	8019007
LACRT	12	54630811	54634895
DUSP6	12	89347235	89352501
KITLG	12	88492793	88580851
PDE3A	12	20368537	20688583
SLCO1C1	12	20695332	20753386
SLCO1B3	12	20810702	20916911
RFX4	12	106583004	106762803
ART4	12	14825569	14843526
SINHCAF	12	31280584	31327058
RFC5	12	118013588	118033130
RPAP3	12	47661249	47706030
RAPGEF3	12	47734363	47771040
CCNT1	12	48688458	48716998
KLRD1	12	10226058	10329608
KLRK1	12	10372353	10391874
CYP27B1	12	57762334	57768986
KLRC2	12	10426854	10442300
KLRC1	12	10442264	10454685
STYK1	12	10618923	10674318
SELPLG	12	108620413	108633894
DAO	12	108858932	108901043
CKAP4	12	106237881	106304279
RILPL2	12	123409714	123436684
RILPL1	12	123470054	123533719
P2RX4	12	121210065	121234106
RASSF3	12	64507001	64697567
GDF3	12	7689784	7695775
CLEC4C	12	7724646	7751620
NANOG	12	7787794	7799146
HNF1A	12	120978543	121002512
GLS2	12	56470944	56488414
RBMS2	12	56521820	56596193
LRP1	12	57128483	57213361
NXPH4	12	57216794	57226449
SHMT2	12	57229573	57234935
STAC3	12	57243453	57251188
HOTAIR	12	53962308	53975055
KPNA3	13	49699320	49792682
GPR12	13	26755200	26760786
POSTN	13	37562583	37598844
FNDC3A	13	48975912	49209779
AKAP11	13	42272152	42323261
PROSER1	13	39009865	39038089
PIBF1	13	72782133	73016461
KLHL1	13	69700594	70108493
FREM2	13	38687077	38887131
SPRY2	13	80335976	80341126
KLF5	13	73054976	73077541
RFC3	13	33818069	33966558
IPO5	13	97953658	98024296
PCDH17	13	57631744	57729311
SLC15A1	13	98683801	98752672
FOXO1	13	40555667	40666641
LRCH1	13	46553168	46753040
DIS3	13	72752169	72782096
SOX1	13	112067149	112071706
IRS2	13	109752695	109786583
FLT3	13	28003274	28100592
KCNRG	13	50015254	50020922
CSNK1A1L	13	37103259	37105664
TRPC4	13	37632063	37869802
CPB2	13	46053186	46105033
TEX30	13	102765888	102773811
GAS6	13	113820549	113864076
HTR2A	13	46831546	46897076
TDRD3	13	60396457	60573878
SPART	13	36301638	36370180
SLITRK1	13	83877205	83882474
TMTC4	13	100603625	100675093
MTRF1	13	41216369	41263577
NAA16	13	41311267	41377030
VWA8	13	41566835	41961120
RAP2A	13	97434169	97469128
LPAR6	13	48389567	48444704
GJB6	13	20221962	20232365
LATS2	13	20973036	21061586
RXFP2	13	31739526	31803389
TNFSF13B	13	108251240	108308484
SACS	13	23288689	23433763
CLN5	13	76990660	77019143
ERCC5	13	102845831	102875995
IL17D	13	20702127	20723098
CYSLTR2	13	48653711	48711226
CKAP2	13	52455429	52476628
HNRNPA1L2	13	52642431	52643773
DAOA	13	105465867	105491034
ZIC2	13	99981784	99986765
PDX1	13	27920000	27926313
LIG4	13	108207439	108218368
SKA3	13	21153595	21176552
FGF9	13	21671073	21704498
ENOX1	13	43213130	43786972
LACC1	13	43879284	43893932
LAMP1	13	113297239	113323672
NEK5	13	52033611	52129092
PSPC1	13	19674752	19783019
TNFSF11	13	42562736	42608013
ALG11	13	52012391	52079232
C1QTNF9	13	24307166	24322535
PCDH20	13	61409685	61415849
ARHGEF7	13	111114559	111305737
CDK8	13	26254104	26420982
CHAMP1	13	114314482	114337626
DOCK9	13	98793429	99086625
F7	13	113105788	113120685
PCID2	13	113177536	113208715
CUL4A	13	113208193	113267108
EDNRB	13	77895481	77975529
KL	13	33016423	33066143
CNMD	13	52703264	52739820
PCDH8	13	52842889	52848641
DACH1	13	71437966	71867204
POGLUT2	13	102784281	102799040
SOHLH2	13	36168217	36214588
DCLK1	13	35768652	36131382
MAB21L1	13	35473419	35478764
ACOD1	13	76948511	76958638
DCT	13	94436811	94479682
SOX21	13	94709622	94712545
ABCC4	13	95019835	95301475
KLF12	13	73686089	74134404
CCNA1	13	36431520	36442870
SPRYD7	13	49912702	49936490
CDX2	13	27960918	27969315
ATP7B	13	51930436	52012125
BRCA2	13	32315086	32400268
RB1	13	48303744	48599436
COL4A2	13	110305812	110513209
RNASEH2B	13	50909747	51024120
ING1	13	110712736	110723339
EFNB2	13	106489745	106535662
COL4A1	13	110148963	110307202
SLITRK5	13	87671371	87696272
RUBCNL	13	46334681	46438190
DLEU2	13	49956669	50126118
DLEU1	13	50081725	50906856
NEK3	13	52132639	52159597
TRDC	14	22462932	22465787
SIX1	14	60643421	60658259
PPM1A	14	60245752	60299087
KCNH5	14	62699464	63102037
EGLN3	14	33924227	34462774
LTBP2	14	74498183	74612378
SPATA7	14	88384924	88470350
BMP4	14	53949736	53958761
FUT8	14	65410592	65744121
CLEC14A	14	38254000	38256093
TMX1	14	51240162	51257655
SSTR1	14	38207904	38213067
CEP128	14	80476983	80959517
NRDE2	14	90267860	90331969
RPS6KA5	14	90847861	91060641
LGMN	14	92703807	92748679
KCNK13	14	90061994	90185853
RBM23	14	22893204	22919182
PRMT5	14	22920525	22929408
PSMB5	14	23016543	23035230
EFS	14	23356403	23365752
CMTM5	14	23376773	23379772
TCL1A	14	95709947	95714196
PYGL	14	50857891	50944483
PGF	14	74941834	74955626
SERPINA5	14	94561442	94593118
SERPINA3	14	94612384	94624055
SAMD4A	14	54566117	54793315
WDHD1	14	54938949	55027105
FRMD6	14	51489100	51730727
DHRS2	14	23630115	23645639
APEX1	14	20455191	20457772
XRCC3	14	103697609	103715504
TGFB3	14	75958097	75983011
GCH1	14	54842008	54902826
DLK1	14	100725705	100738224
TGM1	14	24249114	24264432
DHRS1	14	24290598	24299780
LTB4R2	14	24305734	24312053
LTB4R	14	24311450	24318036
RIPK3	14	24336025	24340022
NFATC4	14	24365673	24379604
SLC24A4	14	92322581	92501481
ZFYVE21	14	103715730	103733668
GPHN	14	66507407	67181803
BCL2L2	14	23298790	23311751
TSHR	14	80954989	81146306
RTL1	14	100879753	100903722
EIF2S1	14	67360328	67386516
BATF	14	75522455	75546993
ERG28	14	75649791	75660876
ARG2	14	67619920	67651708
NKX2-8	14	36580004	36582614
CBLN3	14	24426545	24430954
CMA1	14	24505353	24508265
GZMH	14	24606480	24609699
CTSG	14	24573518	24576250
SERPINA9	14	94462717	94479689
SERPINA12	14	94487274	94517844
MMP14	14	22836560	22849041
TC2N	14	91779746	91867536
TOX4	14	21476597	21499175
METTL3	14	21498133	21511342
CDKL1	14	50326265	50416461
YLPM1	14	74763316	74859435
ZFYVE26	14	67727374	67816590
ESR2	14	64084232	64338112
MAP4K5	14	50418501	50561126
DYNC1H1	14	101964573	102056443
ZDHHC22	14	77131270	77142734
GSTZ1	14	77320996	77331597
COCH	14	30874514	30895065
STRN3	14	30893799	31026401
DPF3	14	72609034	72894101
NGB	14	77265483	77271206
RNASE3	14	20891385	20892348
ZBTB1	14	64503712	64533690
HIF1A	14	61695513	61748259
PPP4R4	14	94146128	94279734
HSPA2	14	64535905	64546173
NKX2-1	14	36516392	36521149
OTX2	14	56799905	56816693
MTA1	14	105419820	105470729
IGHE	14	105597691	105601728
IRF2BPL	14	77024543	77028708
PRKD1	14	29576479	30191898
DIO2	14	80197526	80387757
RTN1	14	59595976	59870776
CDKN3	14	54396849	54420218
NDRG2	14	21016763	21070872
GZMB	14	24630954	24634267
ATXN3	14	92044496	92106621
GPR135	14	59429022	59465380
VSX2	14	74239449	74262738
ABCD4	14	74285269	74303055
ARF6	14	49893079	49897054
CFL2	14	34709113	34714823
PPP2R3C	14	35085467	35122517
PSMA6	14	35278633	35317493
SYT16	14	61811974	62112550
SLC39A9	14	69398015	69462390
SEL1L	14	81471547	81533853
HEATR5A	14	31291788	31420550
PNMA1	14	73711783	73714384
ZNF410	14	73886617	73932521
FBXO33	14	39397684	39432466
FOXA1	14	37589552	37596059
CGRRF1	14	54509812	54539292
CYP46A1	14	99684298	99727301
ZBTB25	14	64449106	64505213
MTHFD1	14	64388031	64463457
DICER1	14	95086228	95158010
PNP	14	20461992	20477094
ZFYVE1	14	72969451	73027131
RIOX1	14	73490933	73493394
MIPOL1	14	37197894	37579125
SLC7A7	14	22773222	22829820
BCL11B	14	99169287	99272197
RNF31	14	24146683	24160660
RCOR1	14	102592649	102730561
TRAF3	14	102777449	102911500
KLHDC2	14	49768130	49786385
PSEN1	14	73136418	73223691
NGDN	14	23469679	23509862
KCNK10	14	88180103	88326907
WARS	14	100333790	100376805
YY1	14	100238298	100282788
SLC10A1	14	69775416	69797241
SMOC1	14	69854131	70032366
IL25	14	23372809	23376403
FBLN5	14	91869411	91947987
NIN	14	50719763	50831162
TEDC1	14	105489855	105499575
GMFB	14	54474484	54489025
MAX	14	65006174	65102695
FOXG1	14	28764329	28770277
ATL1	14	50532509	50634017
AKT1	14	104769349	104795759
CINP	14	102341102	102362916
JDP2	14	75427716	75474111
ACTN1	14	68874123	68979440
PTGDR	14	52267698	52276724
PTGER2	14	52314305	52329822
NUMB	14	73275107	73466167
TXNDC16	14	52429472	52552547
PRKCH	14	61187559	61550980
BDKRB2	14	96204679	96244166
BDKRB1	14	96256210	96268967
MEG3	14	100779206	100861031
FMN1	15	32765544	33194714
GABRG3	15	26971181	27541984
RAD51	15	40694774	40732340
SHC4	15	48823741	48963919
APH1B	15	63276018	63309126
CCNB2	15	59105126	59125045
SECISBP2L	15	48988476	49046447
FOXB1	15	60004234	60061730
CA12	15	63321378	63381846
MYO1E	15	59132434	59372871
NPTN	15	73560014	73634134
PML	15	73994673	74047827
CYP1A2	15	74748845	74756607
HCN4	15	73319859	73368958
MAP2K5	15	67542703	67807117
CPLX3	15	74826627	74831802
CSPG4	15	75674322	75712848
LIPC	15	58410569	58569844
STOML1	15	73978926	73994622
LOXL1	15	73925989	73952137
CHRNA3	15	78593052	78621295
CHRNA5	15	78565520	78595269
WDR72	15	53513741	53762878
SCAPER	15	76347904	76905444
DNAJC17	15	40765161	40807478
EID1	15	48878134	48880173
ADAMTSL3	15	83654088	84039842
HDC	15	50241947	50265965
ADAM10	15	58588809	58749791
IGF1R	15	98648539	98964530
MINDY2	15	58771192	58861900
ZNF592	15	84748592	84806445
SLC24A1	15	65611366	65660995
RAB11A	15	65726054	65891989
BUB1B	15	40161023	40221123
SNX33	15	75647912	75662301
CATSPER2	15	43628503	43668118
CHRNA7	15	31923438	32173018
EMC4	15	34225013	34230156
SLC12A6	15	34229784	34338060
SPATA5L1	15	45402336	45421415
TRPM7	15	50552473	50686797
UBE3A	15	25333728	25439051
ALPK3	15	84817356	84873479
CHRM5	15	33968497	34067458
SNX1	15	64094123	64146090
CSNK1G1	15	64165525	64356173
CCNDBP1	15	43185118	43197177
DMXL2	15	51447711	51622833
PLIN1	15	89664367	89679427
CD276	15	73683966	73714514
ANPEP	15	89784895	89815401
ANXA2	15	60347134	60402883
BCL2A1	15	79960892	79971196
CLPX	15	65148219	65185342
NUSAP1	15	41320794	41381050
ITPKA	15	41493393	41503551
LTK	15	41503637	41513887
RPAP1	15	41517176	41544269
TYRO3	15	41557675	41583589
CTSH	15	78921058	78949574
MKRN3	15	23565674	23630075
FGF7	15	49423237	49488775
TJP1	15	29699367	29968915
LINS1	15	100559369	100603230
FES	15	90883695	90895776
BLM	15	90717346	90816166
FURIN	15	90868588	90883564
AP3B2	15	82659281	82710112
ARID3B	15	74541206	74598131
NEDD4	15	55826922	55993660
SORD	15	45023147	45077185
DUOX2	15	45092650	45114172
BNC1	15	83255884	83284664
HEXA	15	72340924	72376420
IDH2	15	90083045	90102477
IQGAP1	15	90388242	90502239
CLK3	15	74598500	74645414
CSK	15	74782080	74803197
DUOXA1	15	45117366	45129938
CPEB1	15	82543201	82648861
MAP2K1	15	66386837	66491656
GREM1	15	32718004	32745106
HERC2	15	28111040	28322179
MYO5A	15	52307281	52529132
CYP1A1	15	74719542	74725536
KNSTRN	15	40382721	40394288
MCTP2	15	94231538	94483952
NR2E3	15	71792638	71818259
PDIA3	15	43746394	43773279
SCG5	15	32641676	32697098
SEMA4B	15	90160604	90229679
MFGE8	15	88898683	88913468
TICRR	15	89575469	89631056
FANCI	15	89243945	89317261
DLL4	15	40929340	40939073
RCN2	15	76931738	76954393
TSPAN3	15	77041404	77083984
RAB27A	15	55202966	55319113
RASGRP1	15	38488103	38565575
SPPL2A	15	50702266	50765948
RPUSD2	15	40569299	40574949
PKM	15	72199029	72231819
UNC45A	15	90930180	90954093
NMB	15	84655129	84658563
CGNL1	15	57375967	57550717
POLR2M	15	57706695	57782762
CYP19A1	15	51208057	51338601
SNAP23	15	42491233	42545356
CDAN1	15	42723544	42737128
SIN3A	15	75369379	75455842
CCDC33	15	74202705	74336472
CYP11A1	15	74337759	74367646
SEMA7A	15	74409289	74433958
MEF2A	15	99565417	99716488
SYNM	15	99098217	99135593
TTC23	15	99136323	99251223
MEIS2	15	36889204	37101299
GABRB3	15	26543552	26939539
GABRA5	15	26866911	26949208
IL16	15	81159575	81314058
TP53BP1	15	43403061	43510728
MAP1A	15	43510958	43531620
MPI	15	74890005	74902219
THBS1	15	39581079	39599466
FSIP1	15	39588357	39782841
EIF2AK4	15	39934115	40035591
GANC	15	42273201	42353666
CAPN3	15	42359498	42412949
ZNF106	15	42412823	42491141
MYEF2	15	48134632	48178353
GLDN	15	51341655	51408005
AQP9	15	58138169	58185911
TRPM1	15	31001065	31161160
SMAD3	15	67063763	67195173
SNURF	15	24954987	24977850
CHRNB4	15	78624111	78727754
DUOXA2	15	45114326	45118421
DPP8	15	65442463	65517704
MNS1	15	56421544	56465137
AXIN1	16	287440	352723
ABCA3	16	2275881	2340746
CREBBP	16	3725054	3880713
SCNN1G	16	23182745	23216883
HS3ST2	16	22814162	22916338
SNX29	16	11976734	12574287
NUP93	16	56730118	56850286
ZC3H7A	16	11750586	11797258
CCL17	16	57404767	57416063
CCL22	16	57358783	57366189
MAF	16	79585843	79600737
CNTNAP4	16	76277278	76560757
CFAP20	16	58113592	58129381
FOXC2	16	86566829	86569728
BCAR1	16	75228181	75268053
GSE1	16	85169525	85676204
CDH11	16	64943753	65126112
ADGRG5	16	57542643	57591681
PIEZO1	16	88715338	88785220
CX3CL1	16	57372477	57385044
CFDP1	16	75293698	75433503
ZFHX3	16	72782885	73891871
POLR2C	16	57462660	57472009
FOXF1	16	86510527	86515422
ORAI3	16	30949068	30956461
BCKDK	16	31106107	31112791
PYCARD	16	31201486	31203450
MT1A	16	56638666	56640087
TUFM	16	28842411	28846348
CD19	16	28931965	28939342
SPN	16	29662979	29670876
DOC2A	16	30005514	30023270
MAPK3	16	30114105	30123506
CD2BP2	16	30350773	30355308
GPR139	16	20028239	20073890
MRTFB	16	14071319	14266773
ZNF469	16	88382959	88440757
EIF3C	16	28688558	28735727
PDIA2	16	283164	287215
TNFRSF12A	16	3018445	3022383
KDM8	16	27203508	27221768
PRM1	16	11280841	11281330
DDX19A	16	70346861	70373383
SF3B3	16	70523791	70577670
AMFR	16	56361452	56425545
HBZ	16	142728	154503
DDX28	16	68020916	68023232
NFATC3	16	68084751	68229259
SMPD3	16	68358327	68448508
OSGIN1	16	83931311	83966332
HSDL1	16	84122141	84145192
ITGAM	16	31259967	31332892
ITGAX	16	31355134	31382999
ITGAD	16	31393335	31426505
ARMC5	16	31458080	31467166
TGFB1I1	16	31471585	31477960
SLC5A2	16	31483002	31490860
ALDOA	16	30064164	30070457
NDUFAB1	16	23581014	23596316
PLK1	16	23677656	23690367
JPT2	16	1678256	1702280
MSLN	16	760734	768865
CDK10	16	89680737	89696354
USP10	16	84699986	84779922
LUC7L	16	188969	229463
XPO6	16	28097976	28211965
FLYWCH1	16	2911931	2951208
CYLD	16	50742050	50801935
AKTIP	16	53491040	53504411
MC1R	16	89912119	89920973
CETP	16	56961923	56983845
E2F4	16	67192155	67198918
FHOD1	16	67229387	67247481
TPPP3	16	67389809	67393518
HSD11B2	16	67430652	67437553
AGRP	16	67482571	67483547
TERF2	16	69355567	69408571
NOMO3	16	16232506	16300806
ZNF768	16	30524004	30526821
ITGAL	16	30472658	30523567
CSNK2A2	16	58157907	58198106
ABCC1	16	15949138	16143257
CLN3	16	28474111	28495575
KCTD5	16	2682523	2709030
BCL7C	16	30833626	30894302
CDH3	16	68636189	68727468
CDH1	16	68737292	68835537
UMOD	16	20333051	20356301
CNOT1	16	58519951	58629885
SLC38A7	16	58665109	58684770
RBL2	16	53433977	53491648
TUBB3	16	89921392	89938761
CNGB1	16	57882340	57971128
RSPRY1	16	57186137	57240469
EMP2	16	10528422	10580632
ABAT	16	8674596	8784575
SLC6A2	16	55655988	55707645
ERCC4	16	13920138	13952348
ABCC6	16	16149565	16223522
PRKCB	16	23835983	24220611
CACNG3	16	24256335	24362412
PMM2	16	8788823	8862534
NUDT21	16	56429133	56452199
ATXN1L	16	71808439	71885268
DHODH	16	72008588	72027664
CDH16	16	66908122	66918917
CBFB	16	67028984	67101058
HSF4	16	67164681	67169945
SOCS1	16	11254417	11256204
ATXN2L	16	28822999	28837237
SEZ6L2	16	29871159	29899550
PRRT2	16	29811382	29815892
MVP	16	29820394	29848039
MAPK8IP3	16	1706166	1770351
CCDC113	16	58231157	58283836
IL34	16	70579895	70660682
NECAB2	16	83968244	84002776
ABCC12	16	48080882	48156018
ELOB	16	2771414	2777289
SYNGR3	16	1989660	1994275
SLC9A3R2	16	2025356	2039026
NLRC5	16	56989485	57083531
HEATR3	16	50065967	50107272
NDRG4	16	58462846	58513628
CDH13	16	82626965	83800640
GPRC5B	16	19856691	19886167
CIITA	16	10866222	10943021
RIPOR1	16	67518418	67546788
CTCF	16	67562467	67639177
TSNAXIP1	16	67806765	67832148
THAP11	16	67842320	67844195
PSKH1	16	67893254	67929676
CTRL	16	67927640	67932365
LCAT	16	67939750	67944131
ZC3H18	16	88570403	88631964
CYBA	16	88643275	88651083
MVD	16	88651935	88663161
GALNS	16	88813734	88856970
FANCA	16	89726683	89816977
GTF3C1	16	27459555	27549913
IRF8	16	85899116	85922606
LAT	16	28984826	28990784
IL4R	16	27313668	27364778
IL21R	16	27402174	27452042
WDR90	16	649311	667833
STUB1	16	680224	682870
HSD17B2	16	82035004	82098534
TNFRSF17	16	11965210	11968068
NOD2	16	50693588	50733077
TELO2	16	1493344	1510457
NQO1	16	69706996	69726668
NFAT5	16	69565094	69704666
BEAN1	16	66427295	66493529
USP7	16	8892097	8975328
NUTF2	16	67846882	67872567
CLEC16A	16	10944539	11182186
MAP1LC3B	16	87383953	87404779
AQP8	16	25215731	25228932
PKD1	16	2088708	2135898
E4F1	16	2223580	2235742
WWP2	16	69762328	69941741
SRCAP	16	30698209	30741409
FTO	16	53701692	54158512
WWOX	16	78099400	79212667
VPS35	16	46656132	46689518
ORC6	16	46689643	46698394
MYLK3	16	46702282	46790407
CBLN1	16	49277917	49281838
CDH5	16	66366690	66404784
RRAD	16	66921685	66925535
CALB2	16	71358713	71390436
CACNA1H	16	1153103	1224169
UBE2I	16	1291444	1327018
SOX8	16	981444	986979
SSTR5	16	1063867	1081454
SULT1A1	16	28605196	28610044
PALB2	16	23603160	23641321
GNAO1	16	56189660	56357444
SNTB2	16	69187147	69309052
VPS4A	16	69311336	69326939
TSC2	16	2047967	2089491
MEIOB	16	1833986	1884294
FUS	16	31180138	31196963
CES1	16	55802851	55833337
SIAH1	16	48356364	48448402
PDPK1	16	2537979	2603190
BCAR4	16	11798461	11828977
FENDRR	16	86474525	86509099
PLCG2	16	81738248	81962685
PDXDC1	16	14974591	15153671
PMFBP1	16	72112157	72176878
CRNDE	16	54844649	54931354
WFDC1	16	84294846	84329844
SLC7A5	16	87830016	87869507
DNAJA3	16	4425805	4456775
NUDT16L1	16	4693562	4695859
GLYR1	16	4803203	4847288
TRAP1	16	3651639	3717553
CRK	17	1420689	1463162
NXN	17	799310	979776
ACACA	17	37084992	37406836
SLC6A4	17	30194319	30236002
AOC3	17	42851184	42858130
BECN1	17	42810134	42833350
ANKRD40	17	50693198	50707914
ABI3	17	49210411	49223225
ABCC3	17	50634777	50692253
CA10	17	51630313	52160017
PRKCA	17	66302613	66810743
IGF2BP1	17	48997385	49056145
STXBP4	17	54968727	55173632
TMEM100	17	55719627	55732121
AARSD1	17	42950526	42964498
ALDH3A2	17	19648136	19685760
ULK2	17	19770829	19867936
CD68	17	7579491	7582111
MPDU1	17	7583529	7592789
SHBG	17	7613946	7633382
SAT2	17	7626234	7627876
TMEM97	17	28319200	28328685
POLDIP2	17	28346633	28357527
MYO1C	17	1464186	1492686
SERPINF2	17	1742836	1755265
RPA1	17	1829702	1900082
SOX9	17	72121020	72126416
STH	17	45999250	45999694
TNFRSF13B	17	16929816	16972118
FLCN	17	17212212	17237188
RASD1	17	17494437	17496395
IFI35	17	43006740	43014456
SLC43A2	17	1569268	1628886
CHRNB1	17	7445061	7457710
CNTROB	17	7932101	7949920
GUCY2D	17	8002615	8020342
AURKB	17	8204733	8210600
NTN1	17	9021510	9244000
MYH13	17	10300865	10373130
MYH4	17	10443290	10469559
MYH1	17	10492307	10518542
MYH2	17	10521148	10549700
DNAH9	17	11598470	11969748
MAP2K4	17	12020829	12143830
ELAC2	17	12991612	13018065
HS3ST3A1	17	13494032	13601929
PRPSAP1	17	76309478	76384521
SPHK1	17	76376584	76387860
CCDC43	17	44673069	44689779
GJC1	17	44798448	44830816
EFTUD2	17	44849948	44899445
CCDC103	17	44899142	44905390
TEKT3	17	15303811	15341632
PMP22	17	15229773	15272292
EIF5A	17	7306999	7312463
NEURL4	17	7315628	7329393
ACAP1	17	7336529	7351477
ZBTB4	17	7459366	7484263
MAPK7	17	19377721	19383544
RNF112	17	19411125	19417276
CCDC137	17	81666737	81673904
SLC25A10	17	81712236	81721016
H3F3B	17	75776434	75785893
WBP2	17	75845699	75856507
TRIM47	17	75874164	75878581
TRIM65	17	75880335	75896951
METTL16	17	2405562	2511891
COIL	17	56938199	56961050
SCPEP1	17	56978129	57006768
MSI2	17	57255851	57684689
SRSF1	17	58000919	58007346
WDR81	17	1716523	1738599
NME1	17	51153559	51162428
UNC119	17	28546708	28552631
SPAG5	17	28577565	28599025
NEK8	17	28725897	28743455
KCNJ2	17	70168673	70180044
FOXJ1	17	76136333	76141245
PRR11	17	59155732	59206709
ACE	17	63477061	63498380
KPNB1	17	47649476	47685505
TBX21	17	47733236	47746122
KPNA2	17	68035636	68047364
PECAM1	17	64319415	64413776
SMURF2	17	64542282	64662307
HGS	17	81683326	81703138
HEXIM1	17	45148475	45152099
PLXDC1	17	39063313	39154394
ARMC7	17	75109952	75130272
GRB2	17	75318076	75405709
POLR2A	17	7484366	7514616
MYBBP1A	17	4538897	4555386
ALOX15	17	4630919	4642294
PELP1	17	4669774	4704337
ARRB2	17	4710596	4721499
TM4SF5	17	4771884	4783213
PLD2	17	4807152	4823434
HSD17B1	17	42552922	42555214
COASY	17	42561467	42566277
RETREG3	17	42579513	42610623
BIRC5	17	78214186	78225636
KCNH4	17	42156891	42181142
HCRT	17	42184060	42185452
MAP3K14	17	45263119	45317029
KRT20	17	40875889	40885242
GH1	17	63917200	63918839
ICAM2	17	64002594	64020634
ERN1	17	64039080	64130819
LSM12	17	44034328	44067619
TMUB2	17	44186970	44191929
P4HB	17	81843159	81860856
TUBG1	17	42609641	42615238
CNTNAP1	17	42682531	42699993
EZH1	17	42700275	42745049
MRM3	17	782353	792509
NLE1	17	35128730	35142304
SLFN5	17	35243071	35273655
KDM6B	17	7834217	7854796
STAT5A	17	42287547	42311943
KCTD11	17	7351889	7354944
SEPTIN9	17	77280569	77500596
GALK1	17	75751594	75765236
TRIM25	17	56836387	56914080
METRNL	17	83079609	83095122
PPP1R9B	17	50133737	50150677
LRRC59	17	50375059	50397523
SGCA	17	50164214	50175928
METTL2A	17	62423875	62453385
MRC2	17	62627670	62693597
TLK2	17	62458658	62615481
SLC4A1	17	44248390	44268141
SLC25A39	17	44319625	44324870
ITGA2B	17	44372180	44389649
HNF1B	17	37686431	37745059
PHF12	17	28905250	28951771
CDR2L	17	74987632	75005800
BRIP1	17	61679139	61863559
SPATA22	17	3440019	3513852
ALOX12	17	6996049	7010754
BCL6B	17	7023050	7030290
CLEC10A	17	7074537	7080307
DVL2	17	7225342	7234517
PHF23	17	7235029	7239722
CLDN7	17	7259903	7263983
SLC2A4	17	7281718	7288257
MXRA7	17	76672551	76711004
BAIAP2	17	81035122	81117434
KCNJ16	17	70053429	70135608
KCNAB3	17	7921859	7929856
TNFSF13	17	7558292	7561608
GPRC5C	17	74424851	74451653
FASN	17	82078338	82098294
C1QTNF1	17	79022814	79049788
MYH10	17	8474207	8631376
EVI2B	17	31303770	31314105
APPBP2	17	60443158	60526242
CENPV	17	16342534	16353656
ACLY	17	41866917	41930542
CNP	17	41966763	41977740
KAT2A	17	42113111	42121367
PPM1D	17	60600193	60666280
GP1BA	17	4932277	4935023
TRAF4	17	28744011	28750956
PSME3	17	42824385	42843760
SSTR2	17	73165010	73176633
GLOD4	17	757097	782294
DNAH2	17	7717744	7833742
USP36	17	78787381	78841441
KCNH6	17	63523334	63548977
SPECC1	17	20008865	20319026
CDK3	17	76000855	76005999
SLC25A11	17	4937130	4940053
RNF167	17	4940008	4945222
USP6	17	5116032	5175034
INCA1	17	4988130	4997610
EIF4A3	17	80134369	80147151
CCL7	17	34270221	34272242
CCL11	17	34285742	34288334
CCL8	17	34319435	34321402
CCL13	17	34356480	34358610
CCL1	17	34360328	34363233
TSPAN10	17	81637171	81648754
PHB	17	49404049	49414905
SCIMP	17	5208920	5234860
ZNF232	17	5105269	5123162
TEX14	17	58556678	58692055
ITGB3	17	47253827	47313743
LGALS9	17	27629798	27649560
NOS2	17	27756766	27800529
TRPV1	17	3565444	3609411
ITGAE	17	3714628	3801188
SOCS3	17	78356778	78360077
RPRML	17	46978156	46979253
CDC27	17	47117703	47189422
CD79B	17	63928738	63932336
FOXN1	17	28506243	28538900
STAT5B	17	42199176	42288633
RPTOR	17	80544819	80966371
MPO	17	58269855	58280935
TSPOAP1	17	58301228	58328795
RNF43	17	58353676	58417595
NLRP1	17	5499415	5619424
TNFSF12	17	7548508	7557890
CHAD	17	50464496	50468906
KCNJ12	17	21376357	21419870
CACNA1G	17	50560715	50627474
C1QBP	17	5432777	5448830
SOST	17	43753738	43758791
RDM1	17	35918066	35930773
CCL16	17	35976493	35981497
CCL14	17	35983288	35987004
CCL15	17	35996440	36001553
CCL23	17	36013056	36017972
CHD3	17	7884796	7912760
PRPF8	17	1650629	1684867
SGSH	17	80206716	80220923
PSMC5	17	63827152	63832026
MRPL45	17	38297023	38323217
SRCIN1	17	38530031	38605952
MAPT	17	45894527	46028334
HOXB4	17	48575507	48578350
HOXB5	17	48591257	48593779
HOXB6	17	48595751	48604992
HOXB7	17	48607232	48633572
HOXB9	17	48621156	48626358
ADORA2B	17	15945130	15975746
NCOR1	17	16029065	16218185
UBTF	17	44205033	44221626
FXR2	17	7591230	7614897
SLC9A3R1	17	74748628	74769353
GRIN2C	17	74842023	74861504
ARL4D	17	43398993	43401137
CRHR1	17	45784277	45835828
WNT3	17	46762506	46833154
FLOT2	17	28879335	28897733
CXCL16	17	4733533	4739928
TAC4	17	49838300	49848069
HAP1	17	41717742	41734644
JUP	17	41754604	41786931
CARD14	17	80169992	80216073
AXIN2	17	65528563	65561648
CEP112	17	65635537	66192133
TIMP2	17	78852977	78925387
ITGB4	17	75721328	75757818
EIF4A1	17	7572824	7579006
NGFR	17	49495293	49515008
ITGA3	17	50055968	50090481
HEATR6	17	60041008	60078922
CA4	17	60149942	60170899
USP32	17	60177327	60422470
BCAS3	17	60677453	61392838
GRN	17	44345246	44353106
MED1	17	39404285	39451272
PRKAR1A	17	68511780	68551319
SRSF2	17	76734115	76737333
ALKBH5	17	18183078	18209954
FLII	17	18244815	18258738
SHMT1	17	18327873	18363550
PIMREG	17	6444441	6451469
GAA	17	80101533	80119881
CLTC	17	59619680	59696956
TP53	17	7661779	7687546
DLG4	17	7187187	7219836
STAT3	17	42313324	42388568
HDAC5	17	44076746	44123702
TEKT1	17	6789133	6831761
BRCA1	17	43044295	43170245
LASP1	17	38869859	38921770
TBX2	17	61399843	61409466
TBX4	17	61452404	61485110
CACNG5	17	66835117	66894751
CACNG4	17	66964707	67033398
CD300C	17	74534362	74546133
HOXB13	17	48724763	48728750
PER1	17	8140467	8156506
CD300E	17	74609878	74623738
NFE2L1	17	48048329	48061545
CBX1	17	48070052	48101478
SNX11	17	48103357	48123601
NEUROD2	17	39603536	39609777
PPP1R1B	17	39626740	39636626
ERBB2	17	39687914	39730426
MIEN1	17	39728496	39730532
IKZF3	17	39757715	39864312
GSDMB	17	39904595	39919854
PSMD3	17	39980807	39997959
CSF3	17	40015361	40017813
CD300A	17	74466399	74484798
TUBD1	17	59859426	59892945
SREBF1	17	17810399	17837002
TOM1L2	17	17843507	17972422
DRC3	17	17972813	18016889
MYO15A	17	18108756	18179802
THRA	17	40058290	40093867
CDC6	17	40287879	40304657
RARA	17	40309180	40357643
TOP2A	17	40388525	40417896
CCR7	17	40551081	40565472
SMARCE1	17	40624962	40648654
NCBP3	17	3802158	3846246
P2RX1	17	3896592	3916476
TK1	17	78172780	78187233
SLC39A11	17	72645949	73092712
SDK2	17	73334384	73644445
DLX4	17	49968588	49974959
LIG3	17	34980512	35009743
TADA2A	17	37406886	37479725
CD7	17	82313564	82317608
GCGR	17	81804132	81814008
ALYREF	17	81887835	81891586
SIRT7	17	81911939	81921323
RHOT1	17	32142454	32253374
FN3KRP	17	82716706	82730328
SYNRG	17	37514807	37609472
SLFN11	17	35350305	35373701
CCDC57	17	82101460	82212878
CCL18	17	36064272	36072032
TMEM98	17	32927910	32945106
MYO1D	17	32492522	32877177
LRRC45	17	82023305	82031151
TEFM	17	30897336	30906238
NF1	17	31094927	31382116
CYBC1	17	82440912	82450829
COLEC12	18	316737	500722
YES1	18	721588	812546
SS18	18	26016253	26091217
HRH4	18	24460637	24479961
SMAD2	18	47808957	47931146
CDH7	18	65750252	65890337
MC4R	18	60371062	60372775
PTPN2	18	12785478	12929643
PHLPP1	18	62715541	62980433
GALR1	18	77249848	77277900
CD226	18	69831158	69961803
NETO1	18	72742314	72868146
CNDP1	18	74534500	74587212
TWSG1	18	9334767	9402420
PMAIP1	18	59899996	59904305
DSG3	18	31447741	31478702
CDH2	18	27932879	28177946
LIPG	18	49560699	49599185
TCF4	18	55222185	55664787
AQP4	18	26852043	26865771
PTPRM	18	7566782	8406861
APCDD1	18	10454635	10489949
SNRPD1	18	21612314	21633524
SERPINB5	18	63476958	63505085
BCL2	18	63123346	63320128
DSG1	18	31318160	31359246
PPP4R1	18	9546791	9615240
NFATC1	18	79395856	79529325
CCDC102B	18	68715209	69055189
LAMA3	18	23689453	23956222
SERPINB4	18	63637259	63644256
NOL4	18	33851100	34224952
EPB41L3	18	5392381	5630700
DTNA	18	34493291	34891844
FECH	18	57544377	57586732
SMAD7	18	48919853	48950965
ADCYAP1	18	904871	912172
ELAC1	18	50967991	50988121
SMCHD1	18	2655726	2805017
PIK3C3	18	41955234	42087830
TYMS	18	657653	673578
ENOSF1	18	670318	712662
NEDD4L	18	58044226	58401540
PIEZO2	18	10666483	11149569
MTCL1	18	8705556	8832778
GRP	18	59220158	59230774
CCBE1	18	59430939	59697662
PSTPIP2	18	45983536	46072272
ATP5F1A	18	46080248	46104334
EPG5	18	45800581	45967329
GREB1L	18	21242232	21526112
MALT1	18	58671465	58754477
SERPINB7	18	63752935	63805376
SERPINB2	18	63871692	63903888
ACAA2	18	49782164	49813953
MYO5B	18	49822789	50195164
LDLRAD4	18	13217498	13652755
TNFRSF11A	18	62325287	62391288
ZCCHC2	18	62523025	62587709
TSHZ1	18	75210755	75289950
MAPRE2	18	34976928	35143470
NPC1	18	23506184	23586506
DSG2	18	31497624	31551351
SMAD4	18	51028528	51085045
ROCK1	18	20944612	21111813
GATA6	18	22169589	22202528
RBBP8	18	22798261	23026488
KLHL14	18	32672673	32773023
CABYR	18	24138987	24161600
TUBB6	18	12307669	12344320
ADRA1D	20	4220630	4249287
SHLD1	20	5750393	5864395
BMP2	20	6767686	6780246
FAM110A	20	833715	857463
INSM1	20	20368104	20370949
CST5	20	23875934	23879748
CST7	20	24949269	24959928
APMAP	20	24962925	24992751
BFSP1	20	17493905	17569220
CST2	20	23823769	23826729
STK35	20	2101827	2177038
SLC23A2	20	4852356	5010293
PPP1R16B	20	38805697	38923024
TOX2	20	43914852	44069616
KCNB1	20	49293394	49484297
CDH22	20	46173739	46308498
NCOA3	20	47501887	47656877
MC3R	20	56248732	56249815
PTGIS	20	49503874	49568137
CBLN4	20	55997357	56005519
SOX18	20	64047582	64049639
DOK5	20	54475593	54651169
SALL4	20	51782331	51802521
NFATC2	20	51386957	51562831
SDC4	20	45325288	45348424
GDF5	20	35433347	35454746
RBM12	20	35648925	35664956
JPH2	20	44106590	44187188
MYBL2	20	43667019	43716495
SIRPB1	20	1561385	1620061
YTHDF1	20	63195429	63216139
BIRC7	20	63235883	63240495
CHRNA4	20	63343223	63378401
PTK6	20	63528001	63537376
PLAGL2	20	32192504	32207743
PROCR	20	35172072	35216240
TPX2	20	31739271	31801805
MYLK2	20	31819308	31834689
BCL2L1	20	31664452	31723989
OVOL2	20	17956979	18059188
PLTP	20	45898621	45912155
MMP9	20	46008908	46016561
E2F1	20	33675477	33686385
PCNA	20	5114953	5126626
PROKR2	20	5299218	5316954
TOP1	20	41028822	41124487
PRNP	20	4686350	4701590
RASSF2	20	4780023	4823608
MAFB	20	40685848	40689236
UBE2C	20	45812576	45816957
CSE1L	20	49046246	49096960
STAU1	20	49113339	49188367
NTSR1	20	62708836	62762771
OGFR	20	62804835	62814000
TCFL5	20	62841005	62861822
MAVS	20	3846799	3876123
AAR2	20	36236131	36270918
ZCCHC3	20	297570	300321
CSNK2A1	20	472498	543835
AURKA	20	56369389	56392337
CASS4	20	56412112	56460387
HCK	20	32052197	32101856
DDX27	20	49219347	49244077
CST1	20	23747562	23751268
CST4	20	23685640	23689038
ESF1	20	13714322	13784919
DPM1	20	50934867	50959140
SAMHD1	20	36890229	36951893
GMEB2	20	63587602	63627101
STMN3	20	63639705	63657682
TNFRSF6B	20	63696652	63698684
SLC2A4RG	20	63739776	63744050
ZHX3	20	41178448	41317731
PLCG1	20	41136960	41196801
PTPN1	20	50510321	50585241
SRC	20	37344685	37406050
HRH3	20	62214960	62220278
ADAM33	20	3667965	3682246
TGM3	20	2296001	2341079
TGM6	20	2380901	2432753
SNRPB	20	2461634	2470853
CYP24A1	20	54153446	54173986
GSS	20	34928432	34956027
CTCFL	20	57495966	57525652
PCK1	20	57561080	57568121
ZBP1	20	57603846	57620576
CD40	20	46118271	46129863
ADA	20	44584896	44652252
CCN5	20	44714844	44728509
CDK5RAP1	20	33358839	33401561
DNMT3B	20	32762385	32809359
PYGB	20	25248085	25298012
AHCY	20	34280268	34311802
MAP1LC3A	20	34546854	34560345
ITCH	20	34363235	34511773
FOXA2	20	22580998	22585455
SEC23B	20	18507520	18561415
RBCK1	20	407498	432139
SPO11	20	57329803	57343994
RBM38	20	57391396	57409333
TM9SF4	20	32109714	32167258
NOL4L	20	32443059	32585333
SULF2	20	47656197	47786616
PABPC1L	20	44910060	44959035
TOMM34	20	44942130	44960397
KCNS1	20	45091214	45101127
PAX1	20	21705659	21718481
ZNF341	20	33731657	33792269
SMOX	20	4120980	4187747
ADNP	20	50888916	50931437
SSTR4	20	23035312	23039237
THBD	20	23045633	23049672
FLRT3	20	14322985	14337614
HNF4A	20	44355699	44432845
CTSA	20	45890144	45898949
NNAT	20	37521206	37523690
OPRL1	20	64080082	64100643
SIGLEC1	20	3686970	3712600
UQCC1	20	35302566	35412031
PLCB1	20	8077251	8968360
ASXL1	20	32358330	32439319
VSTM2L	20	37903111	37945350
VAPB	20	58389229	58451101
PANK2	20	3888839	3929887
KCNQ2	20	63400208	63472677
NRSN2	20	346782	359660
TRIB3	20	362835	397559
KCNK15	20	44745865	44752313
RIMS4	20	44751808	44810546
SIRPG	20	1629152	1657779
SIRPA	20	1894167	1940592
PDYN	20	1978757	1994285
SNAP25	20	10172395	10308258
CENPB	20	3783851	3786740
JAG1	20	10637684	10673999
TTI1	20	37983007	38033461
TGM2	20	38127385	38166578
BMP7	20	57168753	57266641
STK4	20	44966494	45084214
NORAD	20	36042280	36051018
NKX2-4	20	21395365	21397526
SNAI1	20	49982980	49988886
CD93	20	23065139	23086324
LBP	20	38346482	38377013
SNHG17	20	38419638	38435409
SNHG11	20	38446343	38450943
EEF1A2	20	63477488	63499239
SBNO2	19	1107637	1174268
ONECUT3	19	1753506	1780988
NCLN	19	3185563	3209575
RANBP3	19	5916139	5978142
SAFB	19	5623035	5668478
INSR	19	7112255	7294414
VAV1	19	6772708	6857366
GNA11	19	3094362	3123999
PDE4A	19	10416773	10469630
KLHL26	19	18637025	18671721
TM6SF2	19	19264364	19273391
SUGP2	19	18990888	19034023
CHST8	19	33621953	33773509
DMKN	19	35497220	35513658
CADM4	19	43622368	43639850
PLAUR	19	43646095	43670547
CYP2A6	19	40843541	40850447
CCNE1	19	29811991	29824312
HSPBP1	19	55262223	55280381
C5AR1	19	47290023	47322066
CD22	19	35319261	35347361
PPP1R37	19	45091396	45148077
IFNL1	19	39296407	39298673
TIMM50	19	39480412	39493785
DLL3	19	39498895	39508481
CALM3	19	46601074	46610782
TNFSF9	19	6531026	6535924
CD70	19	6583183	6604103
IRF2BP1	19	45883608	45886141
CCDC61	19	45995461	46021318
DMWD	19	45782947	45792845
SIGLEC11	19	49948985	49961172
PIN1	19	9835257	9849689
XRCC1	19	43543311	43580473
IFNL2	19	39268396	39270188
FGF21	19	48755524	48758333
FXYD7	19	35143250	35154302
IL11	19	55364382	55370463
ISOC2	19	55452985	55462343
NLRP9	19	55708438	55738402
DAZAP1	19	1407569	1435687
SHFL	19	10086122	10093252
ICAM1	19	10271093	10286615
ICAM4	19	10286955	10288522
AXL	19	41219223	41261766
SIGLEC6	19	51517819	51531856
FPR2	19	51752026	51770531
IL12RB1	19	18058995	18098944
PSENEN	19	35745600	35747519
CD320	19	8302127	8308358
ANGPTL4	19	8363289	8374370
GRWD1	19	48445841	48457022
EPOR	19	11377207	11384342
SLC17A7	19	49429401	49442360
FLT3LG	19	49474207	49486231
PRRG2	19	49580646	49591004
RRAS	19	49635292	49640143
IRF3	19	49659569	49665875
CHAF1A	19	4402640	4445018
PLIN5	19	4522531	4535224
LRG1	19	4536402	4540036
KLF16	19	1852399	1863579
GALP	19	56176008	56185775
MEGF8	19	42325609	42378769
CEACAM1	19	42507304	42561234
CEACAM8	19	42580243	42595055
RETN	19	7669049	7670455
FCER2	19	7688758	7702146
CD209	19	7739993	7747564
PNPLA6	19	7534004	7561764
CLEC4M	19	7763210	7769605
PTBP1	19	797075	812327
NOTCH3	19	15159038	15200995
TIMM29	19	10928811	10933535
RFX1	19	13961530	14007039
RLN3	19	14028148	14031551
ASF1B	19	14119512	14136613
TGFB1	19	41301587	41353922
CDC34	19	531760	542092
KEAP1	19	10486125	10503558
GSK3A	19	42226225	42242625
QPCTL	19	45692403	45703989
KANK2	19	11164270	11197791
PRMT1	19	49675786	49689029
PWWP3A	19	1354711	1378431
REEP6	19	1491166	1497927
BRD4	19	15235519	15332545
GRIN2D	19	48393668	48444931
TBXA2R	19	3594507	3606875
AKAP8	19	15353385	15379815
GRAMD1A	19	34994784	35026471
RFX2	19	5993164	6199572
CC2D1A	19	13906201	13930879
CCL25	19	8052318	8062660
YIF1B	19	38303558	38317273
NDUFA3	19	54102728	54109257
PRPF31	19	54115410	54131719
LILRB5	19	54249421	54257301
LILRB2	19	54273812	54281184
NECTIN2	19	44846175	44889223
TOMM40	19	44890569	44903689
PRKCG	19	53879190	53907652
VSTM1	19	54040825	54063953
FZR1	19	3506311	3538334
CCDC124	19	17933015	17943991
KXD1	19	18557762	18569387
CD3EAP	19	45406644	45410737
ERCC2	19	45349837	45370918
DMPK	19	45769709	45782552
F2RL3	19	16888999	16892606
CGB3	19	49022869	49024333
KLK10	19	51012739	51020175
SIGLEC7	19	51142299	51153526
LIM2	19	51379909	51387974
LILRB3	19	54216278	54223506
LILRA5	19	54307070	54313166
LILRA4	19	54333185	54339162
LAIR1	19	54351384	54370558
ZNF8	19	58278955	58302791
KCNC3	19	50311937	50333515
NR1H2	19	50329653	50383388
SPIB	19	50418938	50431314
ZSCAN1	19	58034025	58054631
LONP1	19	5691834	5720572
SIRT6	19	4174109	4182566
IRGQ	19	43584367	43596134
POLD1	19	50384204	50418018
DOT1L	19	2163933	2232578
AMH	19	2249309	2252073
FBL	19	39834458	39846379
S1PR5	19	10512742	10517931
HNRNPUL1	19	41262496	41307787
ELSPBP1	19	47994632	48025154
BAX	19	48954815	48961798
GRIK5	19	41998321	42070206
ADGRL1	19	14147743	14206187
KCNK6	19	38319845	38332076
IFNL3	19	39243455	39245250
HCN2	19	589881	617159
EBI3	19	4229523	4237528
KHSRP	19	6413102	6424811
TRIM28	19	58544064	58550722
PLIN4	19	4502192	4518486
POU2F2	19	42086110	42196585
ECSIT	19	11505929	11529172
ELAVL1	19	7958573	8005659
UNC13A	19	17601336	17688365
MAP1S	19	17719242	17734513
INSL3	19	17816512	17821574
GDF15	19	18374731	18389176
KLK6	19	50958631	50969673
CBARP	19	1228287	1238027
KLK4	19	50906351	50911395
PAK4	19	39125770	39182816
LAIR2	19	54497879	54510687
LILRA2	19	54572920	54590287
LILRA1	19	54593582	54602381
LILRB1	19	54617158	54638022
KIR2DL1	19	54769793	54784322
FCAR	19	54874235	54891420
LILRB4	19	54643889	54670359
NLRP5	19	55999726	56061810
FFAR1	19	35347902	35353864
UPK1A	19	35666517	35678481
ACP5	19	11574653	11579993
PRTN3	19	840999	848175
KLK15	19	50825289	50837213
TMIGD2	19	4292227	4302431
KISS1R	19	917287	921005
ELANE	19	851014	856247
GPR4	19	45589764	45602212
JAK3	19	17824780	17848071
SLC5A5	19	17871945	17895174
NCR1	19	54906148	54916140
NLRP2	19	54953130	55001142
KIR2DL4	19	54803610	54814517
TICAM1	19	4815932	4831712
UHRF1	19	4903080	4962154
FUT3	19	5842888	5851471
PEPD	19	33386950	33521823
HAMP	19	35280716	35285143
CEACAM3	19	41796587	41811554
CD79A	19	41877279	41881372
BCL2L12	19	49665142	49673916
PRKACA	19	14091688	14118084
FPR1	19	51745172	51804115
SULT2A1	19	47870467	47886315
CARD8	19	48180770	48255946
NLRP11	19	55785397	55836800
ARHGAP35	19	46860997	47005077
BBC3	19	47220822	47232766
CCDC9	19	47255980	47273701
AP3D1	19	2100988	2164468
ANGPTL6	19	10092338	10102678
RELB	19	45001461	45038192
ZNF296	19	45071500	45076478
NUP62	19	49906825	49929764
U2AF2	19	55654146	55674716
AKT2	19	40230317	40285536
DNMT1	19	10133342	10231286
PPP2R1A	19	52170936	52229518
COMP	19	18782773	18791305
UPF1	19	18831959	18868230
OLFM2	19	9853718	9936515
PSG1	19	42866464	42879822
CYTH2	19	48469208	48482314
TCF3	19	1609291	1652615
ACTN4	19	38647649	38731589
AP2A1	19	49767001	49807114
RAB8A	19	16111889	16134234
LGALS14	19	39704481	39709444
VASP	19	45506579	45526989
SCAMP4	19	1905214	1926013
CEBPA	19	33299934	33302534
ZNF829	19	36888124	36916291
GYS1	19	48968130	48993310
PPFIA3	19	49119544	49151026
TRPM4	19	49157741	49211836
ZNF177	19	9363013	9382617
PVR	19	44643798	44666162
BCL3	19	44747705	44760044
BCAM	19	44809071	44821421
ICAM5	19	10289952	10296778
RAVER1	19	10316212	10333529
ICAM3	19	10333776	10339661
POLR2E	19	1086574	1095380
PTOV1	19	49850735	49860744
NLRP7	19	54923509	54966312
SIRT2	19	38878555	38899862
ILF3	19	10654304	10692400
DYRK1B	19	39825350	39834201
STRN4	19	46719511	46746994
RUVBL2	19	48993562	49015970
KCNN4	19	43766533	43780976
FCGBP	19	39863323	39934626
CARM1	19	10871553	10923075
TLE6	19	2977538	2995179
ADGRE1	19	6887566	6940459
HNRNPM	19	8444767	8489114
ANGPTL8	19	11237502	11241943
PLVAP	19	17351450	17377342
FUT2	19	48695971	48705951
LENG8	19	54449190	54462016
ERCC1	19	45407334	45478828
DNM2	19	10718055	10833488
SMARCA4	19	10960932	11079426
MUC16	19	8848844	9010390
LILRA6	19	54236590	54242790
KIR3DL1	19	54816468	54830778
SLC1A5	19	46774883	46788594
RYR1	19	38433691	38595273
LDLR	19	11089418	11133820
TUBB4A	19	6494319	6502848
CALR3	19	16479061	16496167
SLC35E1	19	16549831	16572415
GP6	19	55013705	55038264
PIH1D1	19	49446298	49453497
YJEFN3	19	19528861	19537581
CILP2	19	19538248	19546659
STK11	19	1177558	1228431
MAN2B1	19	12643831	12666742
VSTM2B	19	29525994	29564551
ADGRE2	19	14732392	14778560
LGALS13	19	39602524	39607474
MEIS3	19	47403124	47419527
DHX34	19	47349312	47383247
MZF1	19	58561931	58573575
MYO1F	19	8517463	8577442
LIPE	19	42401497	42427388
AP1M1	19	16197854	16245906
TYK2	19	10350528	10380608
PTGIR	19	46618550	46625089
CYP4F2	19	15878023	15898077
CDC37	19	10391090	10420121
UCA1	19	15828206	15836328
PIK3R2	19	18153163	18170540
CD177	19	43353686	43363172
PHLDB3	19	43474341	43504935
TNFSF14	19	6658085	6670588
SIGLEC9	19	51124906	51140470
USP29	19	57119138	57131926
AURKC	19	57231009	57235548
CD33	19	51225064	51243860
ADGRE5	19	14380501	14408725
GIPC1	19	14477760	14496149
FSTL3	19	676392	683392
ABCA7	19	1039997	1065572
TNNI3	19	55151767	55157773
USP9Y	Y	12537650	12860839
EIF1AY	Y	20575776	20593154
KDM5D	Y	19703865	19744939
SRY	Y	2786855	2787682
DDX3Y	Y	12904108	12920478
TBL1Y	Y	6910686	7101970
PCDH11Y	Y	5000226	5742224
TSPY1	Y	9466955	9469749
OSM	22	30262829	30266851
NCF4	22	36860988	36878017
LIF	22	30240453	30246759
CBX7	22	39120167	39152680
PNPLA3	22	43923792	43964488
PDGFB	22	39223359	39244982
MPPED1	22	43411196	43507848
TSPO	22	43151547	43163242
RFPL3	22	32354885	32361161
RTCB	22	32387582	32412248
C1QTNF6	22	37180166	37199385
SSTR3	22	37204237	37212477
TMPRSS6	22	37065436	37109713
SPECC1L	22	24270817	24417739
ADORA2A	22	24417879	24442357
SNRPD3	22	24555958	24582052
GGT1	22	24556007	24628987
TAFA5	22	48489553	48850912
MAPK1	22	21759657	21867680
MYO18B	22	25742144	26031045
APOBEC3B	22	38982347	38992804
APOBEC3C	22	39014257	39020352
APOBEC3F	22	39040604	39055972
APOBEC3G	22	39077067	39087743
TAB1	22	39399778	39437060
CELSR1	22	46360834	46537620
BID	22	17734138	17774770
XRCC6	22	41621163	41664048
COMT	22	19941371	19969975
TANGO2	22	20017014	20067164
SEPTIN5	22	19714503	19724224
GNB1L	22	19783223	19854939
PANX2	22	50170731	50180295
MAPK12	22	50245450	50261716
MAPK11	22	50263713	50270767
TNFRSF13C	22	41922032	41926806
MCM5	22	35400134	35425431
HMOX1	22	35380361	35394214
SDF2L1	22	21642302	21644299
NEFH	22	29480218	29491390
NIPSNAP1	22	29554808	29581327
SF3A1	22	30331988	30356919
SEC14L3	22	30447959	30472017
DERL3	22	23834503	23839128
PLXNB2	22	50274979	50307646
SLC25A1	22	19175581	19178739
BCR	22	23179704	23318037
AP1B1	22	29327680	29388583
PRODH	22	18912777	18936553
APOBEC3D	22	39021113	39033277
SERPIND1	22	20774113	20787720
CRKL	22	20917407	20953747
TCF20	22	42160013	42343616
TYMP	22	50525752	50530032
MAPK8IP2	22	50600793	50613981
CLDN5	22	19523024	19527545
TOP3B	22	21957025	21982813
MYH9	22	36281280	36388010
RASD2	22	35540831	35553999
APOL6	22	35648446	35668404
APOL2	22	36226209	36239954
CRYBB3	22	25199858	25207359
CSF2RB	22	36913628	36940439
IL17RA	22	17084954	17115693
UBE2L3	22	21549447	21624034
PI4KA	22	20707691	20859417
PRAME	22	22547701	22559361
GTPBP1	22	38705742	38738299
MMP11	22	23768226	23784316
ASCC2	22	29788609	29838304
SOX10	22	37970686	37987422
CSNK1E	22	38290691	38318084
MCHR1	22	40679273	40682812
PLA2G6	22	38111495	38214778
CARD10	22	37490362	37519542
APOL1	22	36253071	36267530
GAS2L1	22	29306618	29312787
MRTFA	22	40410281	40636719
PITPNB	22	27851669	27920134
RBX1	22	40951347	40973309
SMARCB1	22	23786931	23838009
TRMT2A	22	20111875	20117392
RANGAP1	22	41244779	41286187
EWSR1	22	29268009	29300525
UPK3A	22	45284949	45295874
SMTN	22	31064105	31104757
SLC5A1	22	32043261	32113029
SREBF2	22	41833105	41907306
CHEK2	22	28687743	28742422
CYP2D6	22	42126499	42130865
PHF21B	22	44881162	45010005
OSBP2	22	30693782	30907824
XBP1	22	28794555	28800597
NF2	22	29603553	29698598
HDAC10	22	50245183	50251405
SHANK3	22	50674408	50733212
SLC25A17	22	40769630	40819399
XPNPEP3	22	40857077	40932815
DRG1	22	31399604	31528740
EIF4ENIF1	22	31436977	31496108
PRR14L	22	31676256	31750140
SEZ6L	22	26169462	26383597
BIK	22	43110750	43129712
RABL2B	22	50767501	50783667
PPARA	22	46150521	46243755
EP300	22	41092510	41180077
MIAT	22	26646411	26676478
IL2RB	22	37118666	37175118
APOL3	22	36139792	36166177
ATF4	22	39519695	39522686
MAFF	22	38200767	38216511
BCL2L13	22	17628855	17730855
CXADR	21	17513043	17593579
URB1	21	32311018	32393012
JAM2	21	25639258	25717562
SCAF4	21	31671000	31732118
CHODL	21	17901263	18267373
KCNJ15	21	38155549	38307357
CRYZL1	21	33589341	33643926
ADAMTS5	21	26917922	26967088
ZBTB21	21	41986831	42010387
CBR1	21	36069941	36073166
SIM2	21	36699115	36749917
RRP1B	21	43659560	43696079
DYRK1A	21	37365573	37526358
PRDM15	21	41798225	41879482
CBS	21	43053191	43076943
U2AF1	21	43092956	43107570
SETD4	21	36034541	36079389
SLC19A1	21	45493572	45573365
COL18A1	21	45405165	45513720
ADAMTS1	21	26835755	26845409
MRAP	21	32291813	32314784
CLIC6	21	34668994	34718227
TPTE	21	10521553	10606140
BACE2	21	41167801	41282530
RIPK4	21	41739369	41767089
UBASH3A	21	42403447	42447684
AIRE	21	44285838	44298648
LRRC3	21	44455510	44462196
PCBP3	21	45643694	45942454
TMPRSS2	21	41464300	41531116
MX1	21	41420020	41470071
KCNE1	21	34446688	34512214
OLIG2	21	33025935	33029196
OLIG1	21	33070141	33072413
SOD1	21	31659666	31668931
ERG	21	38380027	38661780
TRPM2	21	44350163	44443081
MCM3AP	21	46235133	46286297
GART	21	33503931	33543491
IL10RB	21	33266367	33311420
IFNGR2	21	33403413	33479348
ITGB2	21	44885953	44931989
TIAM1	21	31118416	31559977
SH3BGR	21	39445855	39515506
ICOSLG	21	44215382	44241446
IFNAR2	21	33205282	33265675
IFNAR1	21	33324387	33359864
NRIP1	21	14961235	15065936
CBSL	21	6444869	6467513
APP	21	25880535	26171128
CCT8	21	29055805	29073797
MAP3K7CL	21	29077221	29175889
KCNJ6	21	37607373	38121345
RUNX1	21	34787801	36004667
SLC5A3	21	34073578	34106260
CRYAA	21	43169008	43172810
ABCG1	21	42199689	42304389
DIP2A	21	46458891	46572743
